instance,regime,n,d,k,sep,seed,T_conv,converged,ref_acc_truth,n_matched_clusters,lloyd_gemm_sec_iter,full_base_sec
exact-n10000000-d16-k100-sep1.5-s0,exact,10000000,16,100,1.5,0,444,True,0.9464385,93,6.054259754499981,320.2372947749982
exact-n10000000-d16-k100-sep1.5-s1,exact,10000000,16,100,1.5,1,614,True,0.9192627,88,6.124036398000044,356.6327128620078
exact-n10000000-d16-k100-sep2.0-s0,exact,10000000,16,100,2.0,0,619,True,0.9234627,85,6.240872587500235,245.4314306869965
exact-n10000000-d16-k100-sep2.0-s1,exact,10000000,16,100,2.0,1,406,True,0.9528622,91,5.9982279044998,156.09136400799252
exact-n10000000-d16-k50-sep1.5-s0,exact,10000000,16,50,1.5,0,389,True,0.8723733,37,3.524355144000083,204.79058686599728
exact-n10000000-d16-k50-sep1.5-s1,exact,10000000,16,50,1.5,1,383,True,0.8682017,38,3.676782501499929,160.9644621180073
exact-n10000000-d16-k50-sep2.0-s0,exact,10000000,16,50,2.0,0,768,True,0.9086709,41,3.546673912499955,211.35243625000655
exact-n10000000-d16-k50-sep2.0-s1,exact,10000000,16,50,2.0,1,471,True,0.9393581,44,3.602458141499937,140.37686681200466
exact-n2000000-d128-k50-sep0.5-s0,exact,2000000,128,50,0.5,0,150,True,0.96743,47,2.224611002000529,237.13626668701727
exact-n2000000-d128-k50-sep0.7-s0,exact,2000000,128,50,0.7,0,460,True,0.9401765,44,2.16435377650032,244.53694597500908
exact-n30000000-d16-k50-sep2.0-s0,exact,30000000,16,50,2.0,0,559,True,0.9389391666666668,44,11.115943383500053,456.194564848076
minibatch-n10000000-d16-k100-sep1.5-s0,minibatch,10000000,16,100,1.5,0,200,False,0.9129767,85,5.452769714500391,1994.3037532050048
minibatch-n10000000-d16-k100-sep2.0-s0,minibatch,10000000,16,100,2.0,0,200,False,0.9231571,85,5.873799140999836,1988.432995358
minibatch-n10000000-d16-k50-sep1.5-s0,minibatch,10000000,16,50,1.5,0,200,False,0.8118576,31,3.681115857500117,1500.3723918490018
minibatch-n10000000-d16-k50-sep2.0-s0,minibatch,10000000,16,50,2.0,0,200,False,0.9082935,41,3.6058146324999134,1549.9435080600033
minibatch-n2000000-d128-k50-sep0.5-s0,minibatch,2000000,128,50,0.5,0,200,False,0.9683865,47,1.815055543000199,653.7325353600208
minibatch-n2000000-d128-k50-sep0.7-s0,minibatch,2000000,128,50,0.7,0,200,False,0.882327,38,1.9924999680006292,641.6416037920062
minibatch_const-n10000000-d16-k50-sep1.5-s0,minibatch_const,10000000,16,50,1.5,0,200,False,0.8718822,37,4.202188856000248,1616.8659096509982
