regime,subset,predictor,bin,n,mean_pred,observed,brier,corr,frac_outcome_mixed,ends_in_label_T0
exact,T0=10,markov_pi,"[0.5,0.6)",29013,0.5230444848248993,0.7175404129183469,,,,
exact,T0=10,markov_pi,"[0.6,0.7)",40321,0.615871871164884,0.6389474467399122,,,,
exact,T0=10,markov_pi,"[0.7,0.8)",79454,0.757560016740292,0.8115387519822791,,,,
exact,T0=10,markov_pi,"[0.8,0.9)",77250,0.8896265612805877,0.8941229773462783,,,,
exact,T0=10,markov_pi,"[0.9,1.0)",983,0.9000000000000002,0.11800610376398779,,,,
exact,T0=10,markov_pi,all,232523,0.739854224070534,0.7967813936685834,0.1649438871540309,0.17774548636514606,0.0,0.8909957294547206
exact,T0=10,frequency,"[0.5,0.6)",35528,0.5454545454545453,0.6277865345642873,,,,
exact,T0=10,frequency,"[0.6,0.7)",36181,0.6363636363636365,0.7753240651170504,,,,
exact,T0=10,frequency,"[0.7,0.8)",37357,0.7272727272727274,0.8136359986080253,,,,
exact,T0=10,frequency,"[0.8,0.9)",48571,0.8181818181818181,0.8560663770562681,,,,
exact,T0=10,frequency,"[0.9,1.0)",57210,0.9090909090909088,0.8997203286138787,,,,
exact,T0=10,frequency,all,232523,0.7277954517109354,0.7967813936685834,0.16066811910155657,0.23529054140462188,0.0,0.8909957294547206
exact,T0=10,plugin_posterior_T0,"[0.5,0.6)",26414,0.5486131199052251,0.5999091390929053,,,,
exact,T0=10,plugin_posterior_T0,"[0.6,0.7)",17128,0.6441726397630765,0.7319593647828118,,,,
exact,T0=10,plugin_posterior_T0,"[0.7,0.8)",11025,0.7490817889863242,0.9012244897959184,,,,
exact,T0=10,plugin_posterior_T0,"[0.8,0.9)",11788,0.8522068961200122,0.9519002375296912,,,,
exact,T0=10,plugin_posterior_T0,"[0.9,1.0)",136869,0.9906428218945271,0.9628622989866222,,,,
exact,T0=10,plugin_posterior_T0,all,232523,0.8013570429734059,0.7967813936685834,0.08537441900970864,0.6876694865030492,0.0,0.8909957294547206
exact,T0=10,model_posterior_oracle,"[0.5,0.6)",8772,0.5517779211876336,0.7381440948472412,,,,
exact,T0=10,model_posterior_oracle,"[0.6,0.7)",11322,0.650314572082097,0.9225401872460696,,,,
exact,T0=10,model_posterior_oracle,"[0.7,0.8)",11897,0.7510625520822188,0.9773892577960831,,,,
exact,T0=10,model_posterior_oracle,"[0.8,0.9)",14903,0.8530887904166047,0.9776555056028987,,,,
exact,T0=10,model_posterior_oracle,"[0.9,1.0)",144636,0.9896695835873961,0.9636674133687325,,,,
exact,T0=10,model_posterior_oracle,all,232523,0.7977018028492942,0.7967813936685834,0.058402005976001925,0.800593680738001,0.0,0.8909957294547206
exact,T0>=20,markov_pi,"[0.5,0.6)",911,0.5067787682496793,0.8035126234906695,,,,
exact,T0>=20,markov_pi,"[0.6,0.7)",1864,0.603420258754743,0.60568669527897,,,,
exact,T0>=20,markov_pi,"[0.7,0.8)",6496,0.7619708587457972,0.8151169950738916,,,,
exact,T0>=20,markov_pi,"[0.8,0.9)",4671,0.8986746795797006,0.9396274887604368,,,,
exact,T0>=20,markov_pi,"[0.9,1.0)",167,0.9000000000000004,0.10778443113772455,,,,
exact,T0>=20,markov_pi,all,14131,0.7708600203045629,0.8195456797112731,0.14471403116881412,0.2187881099500332,0.0,0.9122496638595995
exact,T0>=20,frequency,"[0.5,0.6)",1446,0.5454545454545453,0.5325034578146611,,,,
exact,T0>=20,frequency,"[0.6,0.7)",1755,0.6363636363636365,0.6370370370370371,,,,
exact,T0>=20,frequency,"[0.7,0.8)",2348,0.7272727272727274,0.7772572402044293,,,,
exact,T0>=20,frequency,"[0.8,0.9)",3890,0.8181818181818182,0.897172236503856,,,,
exact,T0>=20,frequency,"[0.9,1.0)",4559,0.909090909090909,0.945821452072823,,,,
exact,T0>=20,frequency,all,14131,0.7783725014635777,0.8195456797112731,0.12979493534816774,0.368521442198059,0.0,0.9122496638595995
exact,T0>=20,plugin_posterior_T0,"[0.5,0.6)",3345,0.5310588507017668,0.7339312406576981,,,,
exact,T0>=20,plugin_posterior_T0,"[0.6,0.7)",2646,0.6580935271654779,0.8858654572940288,,,,
exact,T0>=20,plugin_posterior_T0,"[0.7,0.8)",1312,0.7479434255514937,0.9214939024390244,,,,
exact,T0>=20,plugin_posterior_T0,"[0.8,0.9)",1628,0.8526057419458158,0.9834152334152334,,,,
exact,T0>=20,plugin_posterior_T0,"[0.9,1.0)",2885,0.9566556692287851,0.989948006932409,,,,
exact,T0>=20,plugin_posterior_T0,all,14131,0.6808347381254458,0.8195456797112731,0.14075187012784993,0.4286387307446106,0.0,0.9122496638595995
exact,T0>=20,model_posterior_oracle,"[0.5,0.6)",2497,0.5350534415305571,0.8346015218261914,,,,
exact,T0>=20,model_posterior_oracle,"[0.6,0.7)",2488,0.662398311451707,0.930064308681672,,,,
exact,T0>=20,model_posterior_oracle,"[0.7,0.8)",1565,0.7466730260795469,0.9776357827476039,,,,
exact,T0>=20,model_posterior_oracle,"[0.8,0.9)",1768,0.851835605703301,0.9886877828054299,,,,
exact,T0>=20,model_posterior_oracle,"[0.9,1.0)",3302,0.9607892103167874,0.9582071471835252,,,,
exact,T0>=20,model_posterior_oracle,all,14131,0.6894766286029703,0.8195456797112731,0.12001834234314243,0.5507406341024614,0.0,0.9122496638595995
minibatch,T0=10,markov_pi,"[0.5,0.6)",962,0.5044660169094558,0.9296881496881497,,,,
minibatch,T0=10,markov_pi,"[0.6,0.7)",2038,0.6024828153598903,0.6066339548577036,,,,
minibatch,T0=10,markov_pi,"[0.7,0.8)",5819,0.7577505717821924,0.7665028355387524,,,,
minibatch,T0=10,markov_pi,"[0.8,0.9)",9690,0.8986382706442806,0.9624355005159959,,,,
minibatch,T0=10,markov_pi,"[0.9,1.0)",423,0.9000000000000004,0.014231678486997634,,,,
minibatch,T0=10,markov_pi,all,18936,0.8033698619409594,0.8410424588086185,0.1298444006589621,0.2210736673927664,0.003062948880439375,0.9650929446556823
minibatch,T0=10,frequency,"[0.5,0.6)",1685,0.5454545454545453,0.5393234421364985,,,,
minibatch,T0=10,frequency,"[0.6,0.7)",1997,0.6363636363636365,0.6215523284927391,,,,
minibatch,T0=10,frequency,"[0.7,0.8)",2362,0.7272727272727274,0.7373666384419983,,,,
minibatch,T0=10,frequency,"[0.8,0.9)",3453,0.8181818181818182,0.8437069215175209,,,,
minibatch,T0=10,frequency,"[0.9,1.0)",9396,0.9090909090909093,0.9679650915283099,,,,
minibatch,T0=10,frequency,all,18936,0.8076775358144179,0.8410424588086185,0.11238176947490808,0.4111109376705396,0.003062948880439375,0.9650929446556823
minibatch,T0=10,plugin_posterior_T0,"[0.5,0.6)",7381,0.5256167349847701,0.8570166644086168,,,,
minibatch,T0=10,plugin_posterior_T0,"[0.6,0.7)",3143,0.6527950591062801,0.9205854279350939,,,,
minibatch,T0=10,plugin_posterior_T0,"[0.7,0.8)",2347,0.7456404894138796,0.9768981678738816,,,,
minibatch,T0=10,plugin_posterior_T0,"[0.8,0.9)",1282,0.843236027946367,0.961622464898596,,,,
minibatch,T0=10,plugin_posterior_T0,"[0.9,1.0)",630,0.9516738848862196,0.9573015873015873,,,,
minibatch,T0=10,plugin_posterior_T0,all,18936,0.5949358086518601,0.8410424588086185,0.18256495083660476,0.2992719029241861,0.003062948880439375,0.9650929446556823
minibatch,T0=10,model_posterior_oracle,"[0.5,0.6)",7055,0.5351983948719811,0.9531311126860383,,,,
minibatch,T0=10,model_posterior_oracle,"[0.6,0.7)",1926,0.6528090081486463,0.9533021806853582,,,,
minibatch,T0=10,model_posterior_oracle,"[0.7,0.8)",2473,0.7516116848946977,0.9882733522038011,,,,
minibatch,T0=10,model_posterior_oracle,"[0.8,0.9)",2196,0.8484214355964794,0.9931693989071039,,,,
minibatch,T0=10,model_posterior_oracle,"[0.9,1.0)",1884,0.953390240846602,0.9310828025477708,,,,
minibatch,T0=10,model_posterior_oracle,all,18936,0.6313751462703868,0.8410424588086185,0.15002295904373564,0.4524622269073151,0.003062948880439375,0.9650929446556823
minibatch,T0>=20,markov_pi,"[0.5,0.6)",83,0.5498944712268597,0.5183132530120481,,,,
minibatch,T0>=20,markov_pi,"[0.6,0.7)",102,0.6582901611034606,0.4611764705882353,,,,
minibatch,T0>=20,markov_pi,"[0.7,0.8)",90,0.7507968574635242,0.7697777777777778,,,,
minibatch,T0>=20,markov_pi,"[0.8,0.9)",292,0.8659312708063714,0.5973972602739726,,,,
minibatch,T0>=20,markov_pi,"[0.9,1.0)",2,0.9,0.47,,,,
minibatch,T0>=20,markov_pi,all,569,0.7645175497215465,0.5882601054481547,0.2724563376718405,0.11363391602843884,0.0210896309314587,0.8084358523725835
minibatch,T0>=20,frequency,"[0.5,0.6)",55,0.5454545454545456,0.8,,,,
minibatch,T0>=20,frequency,"[0.6,0.7)",90,0.6363636363636364,0.5782222222222222,,,,
minibatch,T0>=20,frequency,"[0.7,0.8)",123,0.7272727272727274,0.5130081300813009,,,,
minibatch,T0>=20,frequency,"[0.8,0.9)",133,0.8181818181818183,0.48000000000000004,,,,
minibatch,T0>=20,frequency,"[0.9,1.0)",128,0.9090909090909087,0.5759375,,,,
minibatch,T0>=20,frequency,all,569,0.7382968525323534,0.5882601054481547,0.30802533079638045,-0.19750813073861087,0.0210896309314587,0.8084358523725835
minibatch,T0>=20,plugin_posterior_T0,"[0.5,0.6)",262,0.5124847560336755,0.5588549618320612,,,,
minibatch,T0>=20,plugin_posterior_T0,"[0.6,0.7)",22,0.6462941897572191,0.6818181818181818,,,,
minibatch,T0>=20,plugin_posterior_T0,"[0.7,0.8)",1,0.7769601232761849,0.0,,,,
minibatch,T0>=20,plugin_posterior_T0,all,569,0.5018904699782842,0.5882601054481547,0.24859828385487984,0.016734555598895036,0.0210896309314587,0.8084358523725835
minibatch,T0>=20,model_posterior_oracle,"[0.5,0.6)",272,0.5118973927391348,0.6486029411764707,,,,
minibatch,T0>=20,model_posterior_oracle,"[0.6,0.7)",22,0.6469995604584508,0.6818181818181818,,,,
minibatch,T0>=20,model_posterior_oracle,"[0.7,0.8)",1,0.7744135528135804,0.0,,,,
minibatch,T0>=20,model_posterior_oracle,all,569,0.5027289962154236,0.5882601054481547,0.24545254878351205,0.08548007405114459,0.0210896309314587,0.8084358523725835
minibatch_const,T0=10,markov_pi,"[0.5,0.6)",24131,0.526958371614794,0.6477468816045749,,,,
minibatch_const,T0=10,markov_pi,"[0.6,0.7)",42330,0.626792263696763,0.6768669974013702,,,,
minibatch_const,T0=10,markov_pi,"[0.7,0.8)",68371,0.7485876352101024,0.8153357417618581,,,,
minibatch_const,T0=10,markov_pi,"[0.8,0.9)",150819,0.8810054862806544,0.8900435621506573,,,,
minibatch_const,T0=10,markov_pi,"[0.9,1.0)",1404,0.9000000000000002,0.40216524216524213,,,,
minibatch_const,T0=10,markov_pi,all,287308,0.7820057248549029,0.8177603825859355,0.0988920069739001,0.2772383997819854,0.2538878137747644,0.871594247288624
minibatch_const,T0=10,frequency,"[0.5,0.6)",30147,0.5454545454545452,0.6369363452416492,,,,
minibatch_const,T0=10,frequency,"[0.6,0.7)",44906,0.6363636363636364,0.7372783147018216,,,,
minibatch_const,T0=10,frequency,"[0.7,0.8)",56353,0.7272727272727273,0.8084314943303818,,,,
minibatch_const,T0=10,frequency,"[0.8,0.9)",50489,0.8181818181818181,0.8505413060270554,,,,
minibatch_const,T0=10,frequency,"[0.9,1.0)",98292,0.909090909090909,0.9085248036462784,,,,
minibatch_const,T0=10,frequency,all,287308,0.7652130054917308,0.8177603825859355,0.10161302566186638,0.27082714107655304,0.2538878137747644,0.871594247288624
minibatch_const,T0=10,plugin_posterior_T0,"[0.5,0.6)",63186,0.5480848728241638,0.7418618048301839,,,,
minibatch_const,T0=10,plugin_posterior_T0,"[0.6,0.7)",49761,0.6485902386132828,0.9133051988505053,,,,
minibatch_const,T0=10,plugin_posterior_T0,"[0.7,0.8)",38621,0.7477438337583957,0.9385753864477873,,,,
minibatch_const,T0=10,plugin_posterior_T0,"[0.8,0.9)",28560,0.8473616253810645,0.9482731092436975,,,,
minibatch_const,T0=10,plugin_posterior_T0,"[0.9,1.0)",62082,0.9836772094981757,0.9913092361715151,,,,
minibatch_const,T0=10,plugin_posterior_T0,all,287308,0.6994223846994619,0.8177603825859355,0.08877061504737935,0.5355544804928997,0.2538878137747644,0.871594247288624
minibatch_const,T0=10,model_posterior_oracle,"[0.5,0.6)",50291,0.5483206167995159,0.8170949076375494,,,,
minibatch_const,T0=10,model_posterior_oracle,"[0.6,0.7)",45783,0.6485848151178011,0.9549212589825918,,,,
minibatch_const,T0=10,model_posterior_oracle,"[0.7,0.8)",36796,0.7485270631855602,0.9912838351994782,,,,
minibatch_const,T0=10,model_posterior_oracle,"[0.8,0.9)",29800,0.8479580245368646,0.9993637583892617,,,,
minibatch_const,T0=10,model_posterior_oracle,"[0.9,1.0)",64306,0.982562179304861,0.9995303704164464,,,,
minibatch_const,T0=10,model_posterior_oracle,all,287308,0.682802689847142,0.8177603825859355,0.06773981466539067,0.7255160910630614,0.2538878137747644,0.871594247288624
minibatch_const,T0>=20,markov_pi,"[0.5,0.6)",99171,0.5233466674101496,0.5310558530215487,,,,
minibatch_const,T0>=20,markov_pi,"[0.6,0.7)",176376,0.6255804529753061,0.6025384406041638,,,,
minibatch_const,T0>=20,markov_pi,"[0.7,0.8)",181473,0.733259029662678,0.7064547343130934,,,,
minibatch_const,T0>=20,markov_pi,"[0.8,0.9)",455713,0.8672377146533871,0.8289273731493286,,,,
minibatch_const,T0>=20,markov_pi,"[0.9,1.0)",3396,0.9000000000000001,0.7569729093050648,,,,
minibatch_const,T0>=20,markov_pi,all,917153,0.7567126158196726,0.7282461268730517,0.04181588403567018,0.5003566875794303,0.8020450241126617,0.7578637370209769
minibatch_const,T0>=20,frequency,"[0.5,0.6)",130352,0.5454545454545453,0.5452382778937032,,,,
minibatch_const,T0>=20,frequency,"[0.6,0.7)",145363,0.6363636363636365,0.6144925462462937,,,,
minibatch_const,T0>=20,frequency,"[0.7,0.8)",163773,0.7272727272727275,0.6943532816764668,,,,
minibatch_const,T0>=20,frequency,"[0.8,0.9)",198416,0.8181818181818183,0.7758777517942101,,,,
minibatch_const,T0>=20,frequency,"[0.9,1.0)",269311,0.909090909090909,0.8695462866351542,,,,
minibatch_const,T0>=20,frequency,all,917153,0.7570875207398229,0.7282461268730517,0.04204503496911071,0.4974526184988592,0.8020450241126617,0.7578637370209769
minibatch_const,T0>=20,plugin_posterior_T0,"[0.5,0.6)",501611,0.5420539742529941,0.7551916126241252,,,,
minibatch_const,T0>=20,plugin_posterior_T0,"[0.6,0.7)",119504,0.6416450109867027,0.8194858749497925,,,,
minibatch_const,T0>=20,plugin_posterior_T0,"[0.7,0.8)",14467,0.7260804334974554,0.8997995437893136,,,,
minibatch_const,T0>=20,plugin_posterior_T0,"[0.8,0.9)",2304,0.8269558137890572,0.8305989583333333,,,,
minibatch_const,T0>=20,plugin_posterior_T0,"[0.9,1.0)",21,0.9098588018882388,0.9723809523809525,,,,
minibatch_const,T0>=20,plugin_posterior_T0,all,917153,0.5301297416208597,0.7282461268730517,0.08933982957972186,0.2853970459607004,0.8020450241126617,0.7578637370209769
minibatch_const,T0>=20,model_posterior_oracle,"[0.5,0.6)",448449,0.5426528484289324,0.7746190982698145,,,,
minibatch_const,T0>=20,model_posterior_oracle,"[0.6,0.7)",126169,0.6399236821279898,0.8320137276193044,,,,
minibatch_const,T0>=20,model_posterior_oracle,"[0.7,0.8)",25635,0.7369971062047317,0.9059566998244588,,,,
minibatch_const,T0>=20,model_posterior_oracle,"[0.8,0.9)",6049,0.8412589540371501,0.9894065134733013,,,,
minibatch_const,T0>=20,model_posterior_oracle,"[0.9,1.0)",2210,0.9336527488648816,0.999737556561086,,,,
minibatch_const,T0>=20,model_posterior_oracle,all,917153,0.5292403184824461,0.7282461268730517,0.08162090331862076,0.4849020987370021,0.8020450241126617,0.7578637370209769
