regime,T0,frac_U_mean,frac_U_min,frac_U_max,n_U_mean,n_U_min,n_U_max,n_V_mean,n_V_min,n_V_max,n_U_and_V_mean,n_U_and_V_min,n_U_and_V_max,U_disagree_at_T0_mean,U_disagree_at_T0_min,U_disagree_at_T0_max,n_disagree_mean,n_disagree_min,n_disagree_max,changes_at_T0_mean,changes_at_T0_min,changes_at_T0_max
exact,10,0.200460925,0.0943586,0.3071569,2004609.25,943586,3071569,357964.5,150795,727977,148068.25,44492,352063,123878.75,38292,280629,315433.75,135160.0,617426.0,14366.25,1518,47366
exact,20,0.006199525,0.0012515,0.0177325,61995.25,12515,177325,323695.25,141191,649579,27726.0,2911,98927,26563.5,2606,95860,290283.75,127853.0,566654.0,3679.25,1251,7680
exact,30,0.00342715,0.0011084,0.0067544,34271.5,11084,67544,299074.0,132844,610880,9650.25,2737,28845,9169.75,2474,28215,273791.25,121704.0,553397.0,3298.75,1105,6146
exact,40,0.003181425,0.0011099,0.0056985,31814.25,11099,56985,273774.5,124027,572090,6514.75,2282,18195,6161.75,2086,17774,254027.25,114797.0,530838.0,3135.5,1175,5331
exact,50,0.00289485,0.0011198,0.0047611,28948.5,11198,47611,248648.75,114882,535916,3822.75,2053,8797,3459.25,1849,8264,231855.5,107318.0,501807.0,2743.75,1132,4499
exact,60,0.0052973000000000004,0.0011466,0.0148654,52973.0,11466,148654,200502.5,105050,401028,4826.75,1634,13766,4430.25,1483,13006,187114.25,98841.0,376565.0,17277.75,1166,63269
exact,70,0.006439025,0.00115,0.0203092,64390.25,11500,203092,138364.0,87033,202121,2251.75,1251,4185,1902.5,1059,3754,128997.0,81795.0,190779.0,1875.25,1166,2720
exact,80,0.001607575,0.0011527,0.0021732,16075.75,11527,21732,123855.5,66472,184609,1567.25,1171,1991,1270.25,893,1579,115394.75,61872.0,174256.0,1434.75,1014,1827
exact,90,0.0013244749999999999,0.0009859,0.0018403,13244.75,9859,18403,111892.5,54324,167843,1281.75,821,1649,1063.0,687,1369,104247.25,50386.0,158427.0,1231.5,960,1862
minibatch,10,0.2878327,0.2878327,0.2878327,2878327.0,2878327,2878327,86951.0,86951,86951,43064.0,43064,43064,41582.0,41582,41582,84250.0,84250.0,84250.0,4804.0,4804,4804
minibatch,20,0.0027688,0.0027688,0.0027688,27688.0,27688,27688,59992.0,59992,59992,729.0,729,729,679.0,679,679,57353.0,57353.0,57353.0,1858.0,1858,1858
minibatch,30,0.0013712,0.0013712,0.0013712,13712.0,13712,13712,46542.0,46542,46542,262.0,262,262,240.0,240,240,43911.0,43911.0,43911.0,1118.0,1118,1118
minibatch,40,0.0008817,0.0008817,0.0008817,8817.0,8817,8817,37849.0,37849,37849,124.0,124,124,106.0,106,106,35214.0,35214.0,35214.0,716.0,716,716
minibatch,50,0.0006352,0.0006352,0.0006352,6352.0,6352,6352,31593.0,31593,31593,96.0,96,96,76.0,76,76,28953.0,28953.0,28953.0,513.0,513,513
minibatch,60,0.000487,0.000487,0.000487,4870.0,4870,4870,26789.0,26789,26789,66.0,66,66,43.0,43,43,24135.0,24135.0,24135.0,454.0,454,454
minibatch,70,0.000394,0.000394,0.000394,3940.0,3940,3940,22893.0,22893,22893,44.0,44,44,39.0,39,39,20247.0,20247.0,20247.0,368.0,368,368
minibatch,80,0.0003181,0.0003181,0.0003181,3181.0,3181,3181,19738.0,19738,19738,26.0,26,26,22.0,22,22,17091.0,17091.0,17091.0,285.0,285,285
minibatch,90,0.0002838,0.0002838,0.0002838,2838.0,2838,2838,16925.0,16925,16925,25.0,25,25,17.0,17,17,14273.0,14273.0,14273.0,286.0,286,286
