regime,n,d,k,sep,seed,eta,T_full,record_seconds,policy,T_stop,stop_reason,n_U,dist_frac,time_frac,disagree_rate,U_err,sse,soft_tv_U,state_unstable_frac,state_center_drift,state_cluster_unstable,state_size_change,state_oscillating_share,state_projected_changes,rel_sse_vs_full
exact,100000,16,50,1.5,0,,52,0.7,auto_stop+auto,46,few_unstable,98,0.9941791746793653,0.966041936228857,0.00016,0.01020408163265306,1637637.8686635466,nan,0.00098,,,,,,4.88632986295201e-07
exact,100000,16,50,1.5,0,,52,0.7,auto_stop+markov,46,few_unstable,98,0.9941791746793653,0.966041936228857,0.00016,0.01020408163265306,1637637.8686635466,nan,0.00098,,,,,,4.88632986295201e-07
exact,100000,16,50,1.5,0,,52,0.7,auto_stop+frequency,46,few_unstable,98,0.9941791746793653,0.966041936228857,0.00069,0.5510204081632653,1637645.9960463073,nan,0.00098,,,,,,5.451504746512015e-06
exact,100000,16,50,1.5,0,,52,0.7,auto_stop+keep,46,few_unstable,98,0.9941791746793653,0.966041936228857,0.00016,0.01020408163265306,1637637.8686635466,nan,0.00098,,,,,,4.88632986295201e-07
exact,100000,16,50,1.5,0,,52,0.7,v0.1.0(unstable_tol)+markov,46,few_unstable,98,0.9941791746793653,0.966041936228857,0.00016,0.01020408163265306,1637637.8686635466,nan,4.88632986295201e-07
exact,100000,16,50,1.5,0,,52,0.7,sklearn_tol(center_shift<=1e-4 var),24,rule,205,0.9384348660448288,0.8106467700165175,0.00273,0.14634146341463414,1637678.3127892627,nan,2.5185268458960408e-05
exact,100000,16,50,1.5,0,,52,0.7,perez_ortega(changes<0.03n),4,rule,100000,0.4796770268278448,0.3166296847178353,0.04548,0.04548,1666346.8369628722,nan,0.01753121558845394
exact,100000,16,50,1.5,0,,52,0.7,fixed_T20,20,t0,1259,0.9274155124762187,0.7799808802465831,0.00294,0.027005559968228753,1637681.8235832339,nan,2.732908532698808e-05
exact,100000,16,50,1.5,0,,52,0.7,fixed_T50,50,t0,77,0.9983694540528473,0.9894644003445853,2e-05,0.0,1637637.131602127,nan,3.855681640629882e-08
exact,100000,16,50,1.5,0,,52,0.7,full_run,52,full,59,1.0,1.0,0.0,0.0,1637637.0684600554,nan,0.0
exact,1000000,16,50,1.5,0,,145,7.8,auto_stop+auto,61,stable_drift,1296,0.9376732669578527,0.6786618420826187,0.002296,0.12268518518518519,16400288.334322497,nan,0.001296,0.010225823482620288,0.047571054222938926,0.009153783563873067,0.013117283950617283,0.000948551496747516,5.3694638484369506e-06
exact,1000000,16,50,1.5,0,,145,7.8,auto_stop+markov,61,stable_drift,1296,0.9376732669578527,0.6786618420826187,0.002295,0.12191358024691358,16400288.126977818,nan,0.001296,0.010225823482620288,0.047571054222938926,0.009153783563873067,0.013117283950617283,0.000948551496747516,5.356821034752102e-06
exact,1000000,16,50,1.5,0,,145,7.8,auto_stop+frequency,61,stable_drift,1296,0.9376732669578527,0.6786618420826187,0.00266,0.4035493827160494,16400312.663151443,nan,0.001296,0.010225823482620288,0.047571054222938926,0.009153783563873067,0.013117283950617283,0.000948551496747516,6.852910912513721e-06
exact,1000000,16,50,1.5,0,,145,7.8,auto_stop+keep,61,stable_drift,1296,0.9376732669578527,0.6786618420826187,0.002294,0.12114197530864197,16400288.08144652,nan,0.001296,0.010225823482620288,0.047571054222938926,0.009153783563873067,0.013117283950617283,0.000948551496747516,5.3540447697564275e-06
exact,1000000,16,50,1.5,0,,145,7.8,v0.1.0(unstable_tol)+markov,66,few_unstable,975,0.945465428066997,0.7004751580825062,0.001986,0.15487179487179487,16400268.591938915,nan,4.165674672096387e-06
exact,1000000,16,50,1.5,0,,145,7.8,sklearn_tol(center_shift<=1e-4 var),60,rule,1385,0.9363251565883427,0.6746293532363704,0.002343,0.1111913357400722,16400290.82424039,nan,5.521286256193747e-06
exact,1000000,16,50,1.5,0,,145,7.8,perez_ortega(changes<0.03n),3,rule,1000000,0.5592320040118182,0.24164357471447437,0.035644,0.035644,16708864.556665918,nan,0.018820763007052266
exact,1000000,16,50,1.5,0,,145,7.8,fixed_T20,20,t0,2117,0.8534874957915726,0.4796139129929539,0.007777,0.12517713745866793,16400721.932854652,nan,3.180807587210843e-05
exact,1000000,16,50,1.5,0,,145,7.8,fixed_T50,50,t0,1827,0.9168690897293794,0.6239029055933346,0.003418,0.07443897099069513,16400369.548786832,nan,1.0321504858801234e-05
exact,1000000,16,50,1.5,0,,145,7.8,full_run,145,full,30,1.0,1.0,0.0,0.0,16400200.274040017,nan,0.0
exact,1000000,16,50,1.5,1,,236,15.1,auto_stop+auto,149,few_unstable,993,0.9361468219878355,0.8014265700553199,0.003944,0.16717019133937563,16825891.599833097,nan,0.000993,,,,,,7.0985418185731675e-06
exact,1000000,16,50,1.5,1,,236,15.1,auto_stop+markov,149,few_unstable,993,0.9361468219878355,0.8014265700553199,0.003944,0.16717019133937563,16825891.599833097,nan,0.000993,,,,,,7.0985418185731675e-06
exact,1000000,16,50,1.5,1,,236,15.1,auto_stop+frequency,149,few_unstable,993,0.9361468219878355,0.8014265700553199,0.004294,0.5196374622356495,16825903.88681938,nan,0.000993,,,,,,7.828789807762249e-06
exact,1000000,16,50,1.5,1,,236,15.1,auto_stop+keep,149,few_unstable,993,0.9361468219878355,0.8014265700553199,0.003943,0.1661631419939577,16825891.184962645,nan,0.000993,,,,,,7.073884974007072e-06
exact,1000000,16,50,1.5,1,,236,15.1,v0.1.0(unstable_tol)+markov,149,few_unstable,993,0.9361468219878355,0.8014265700553199,0.003944,0.16717019133937563,16825891.599833097,nan,7.0985418185731675e-06
exact,1000000,16,50,1.5,1,,236,15.1,sklearn_tol(center_shift<=1e-4 var),87,rule,1789,0.8691402095708466,0.6321639835320535,0.009777,0.1330352152040246,16826155.740006976,nan,2.2797088746751015e-05
exact,1000000,16,50,1.5,1,,236,15.1,perez_ortega(changes<0.03n),4,rule,1000000,0.35893303594808196,0.167098462209497,0.098967,0.098967,17269951.470970206,nan,0.02639874742888737
exact,1000000,16,50,1.5,1,,236,15.1,fixed_T20,20,t0,28499,0.7416807642985774,0.4266317425200757,0.022056,0.02901856205480894,16827185.820248727,nan,8.401747327790865e-05
exact,1000000,16,50,1.5,1,,236,15.1,fixed_T50,50,t0,2819,0.8059623004090685,0.5234004521809232,0.0147,0.1369279886484569,16826482.57982283,nan,4.222204070281066e-05
exact,1000000,16,50,1.5,1,,236,15.1,full_run,236,full,146,1.0,1.0,0.0,0.0,16825772.16138578,nan,0.0
minibatch,1000000,16,50,1.5,0,,200,129.3,auto_stop+auto,13,few_unstable,839,0.06965174129353234,0.061776875198471456,0.000937,0.04290822407628129,16400807.51212506,0.048410609703777814,0.000839,,,,,,7.044148656376592e-06
minibatch,1000000,16,50,1.5,0,,200,129.3,auto_stop+markov,13,few_unstable,839,0.06965174129353234,0.061776875198471456,0.000933,0.03814064362336114,16400807.39073402,0.04587296708538506,0.000839,,,,,,7.036747076138994e-06
minibatch,1000000,16,50,1.5,0,,200,129.3,auto_stop+frequency,13,few_unstable,839,0.06965174129353234,0.061776875198471456,0.001121,0.2622169249106079,16400814.090118213,0.35375209392002704,0.000839,,,,,,7.445228876523657e-06
minibatch,1000000,16,50,1.5,0,,200,129.3,auto_stop+keep,13,few_unstable,839,0.06965174129353234,0.061776875198471456,0.000923,0.026221692491060787,16400807.240059532,0.02619805227614344,0.000839,,,,,,7.027559994821075e-06
minibatch,1000000,16,50,1.5,0,,200,129.3,v0.1.0(unstable_tol)+markov,13,few_unstable,839,0.06965174129353234,0.061776875198471456,0.000933,0.03814064362336114,16400807.39073402,0.04587296708538506,7.036747076138994e-06
minibatch,1000000,16,50,1.5,0,,200,129.3,sklearn_tol(center_shift<=1e-4 var),5,rule,1000000,0.029850746268656716,0.02365263406646225,0.001386,0.001386,16400895.945131768,nan,1.2436177651231617e-05
minibatch,1000000,16,50,1.5,0,,200,129.3,perez_ortega(changes<0.03n),2,rule,1000000,0.014925373134328358,0.009596855003988186,0.002136,0.002136,16401134.561910598,nan,2.698536734846435e-05
minibatch,1000000,16,50,1.5,0,,200,129.3,fixed_T20,20,t0,295,0.1044776119402985,0.09634654635412386,0.000751,0.01694915254237288,16400783.46562127,nan,5.577960289882e-06
minibatch,1000000,16,50,1.5,0,,200,129.3,fixed_T50,50,t0,79,0.2537313432835821,0.25537529452472335,0.000393,0.012658227848101266,16400741.612472234,nan,3.0260466827858323e-06
minibatch,1000000,16,50,1.5,0,,200,129.3,full_run,200,full,18,1.0,1.0,4.2e-05,1.0,16400691.983212663,nan,0.0
minibatch_const,1000000,16,50,1.5,0,0.0002,200,129.4,auto_stop+auto,29,oscillation,4773,0.14925373134328357,0.15012423523798937,0.009167,0.3538654934003771,16401349.54759229,0.3688450459134523,0.004773,0.03231670340240185,0.09557886481717479,0.013210170838299564,0.4676304211187932,0.04658620459038222,2.0489529733769274e-05
minibatch_const,1000000,16,50,1.5,0,0.0002,200,129.4,auto_stop+markov,29,oscillation,4773,0.14925373134328357,0.15012423523798937,0.008438,0.2011313639220616,16401084.790936863,0.20005229453417098,0.004773,0.03231670340240185,0.09557886481717479,0.013210170838299564,0.4676304211187932,0.04658620459038222,4.3468288299930435e-06
minibatch_const,1000000,16,50,1.5,0,0.0002,200,129.4,auto_stop+frequency,29,oscillation,4773,0.14925373134328357,0.15012423523798937,0.009167,0.3538654934003771,16401349.54759229,0.3688450459134523,0.004773,0.03231670340240185,0.09557886481717479,0.013210170838299564,0.4676304211187932,0.04658620459038222,2.0489529733769274e-05
minibatch_const,1000000,16,50,1.5,0,0.0002,200,129.4,auto_stop+keep,29,oscillation,4773,0.14925373134328357,0.15012423523798937,0.008488,0.21160695579300232,16401076.435568351,0.23077739960625815,0.004773,0.03231670340240185,0.09557886481717479,0.013210170838299564,0.4676304211187932,0.04658620459038222,3.837386622906891e-06
minibatch_const,1000000,16,50,1.5,0,0.0002,200,129.4,v0.1.0(unstable_tol)+markov,200,max_iter,2460,1.0,1.0,0.000275,0.11138211382113822,16400981.245605422,0.1131914517108594,-1.9665207353636305e-06
minibatch_const,1000000,16,50,1.5,0,0.0002,200,129.4,sklearn_tol(center_shift<=1e-4 var),200,rule,2460,1.0,1.0,0.000564,0.22886178861788617,16401013.498538548,nan,0.0
minibatch_const,1000000,16,50,1.5,0,0.0002,200,129.4,perez_ortega(changes<0.03n),3,rule,1000000,0.01990049751243781,0.015821242876775533,0.040998,0.040998,16622694.811998961,nan,0.013516317969018532
minibatch_const,1000000,16,50,1.5,0,0.0002,200,129.4,fixed_T20,20,t0,38712,0.1044776119402985,0.10208755796380835,0.010271,0.06292622442653441,16401309.800649926,nan,1.8066085452739244e-05
minibatch_const,1000000,16,50,1.5,0,0.0002,200,129.4,fixed_T50,50,t0,3409,0.2537313432835821,0.25815597126021517,0.005191,0.22205925491346437,16400998.520750554,nan,-9.132233197428619e-07
minibatch_const,1000000,16,50,1.5,0,0.0002,200,129.4,full_run,200,full,2460,1.0,1.0,0.000564,0.22886178861788617,16401013.498538548,nan,0.0
exact,1000000,16,50,2.0,0,,216,8.7,auto_stop+auto,49,few_unstable,967,0.8752473896422688,0.42355971383543706,0.006233,0.1344364012409514,16911885.11255083,nan,0.000967,,,,,,2.2793147530730806e-05
exact,1000000,16,50,2.0,0,,216,8.7,auto_stop+markov,49,few_unstable,967,0.8752473896422688,0.42355971383543706,0.006233,0.1344364012409514,16911885.11255083,nan,0.000967,,,,,,2.2793147530730806e-05
exact,1000000,16,50,2.0,0,,216,8.7,auto_stop+frequency,49,few_unstable,967,0.8752473896422688,0.42355971383543706,0.006545,0.45708376421923474,16911901.203193985,nan,0.000967,,,,,,2.374460916887422e-05
exact,1000000,16,50,2.0,0,,216,8.7,auto_stop+keep,49,few_unstable,967,0.8752473896422688,0.42355971383543706,0.006229,0.13029989658738367,16911884.85184068,nan,0.000967,,,,,,2.277773138459338e-05
exact,1000000,16,50,2.0,0,,216,8.7,v0.1.0(unstable_tol)+markov,49,few_unstable,967,0.8752473896422688,0.42355971383543706,0.006233,0.1344364012409514,16911885.11255083,nan,2.2793147530730806e-05
exact,1000000,16,50,2.0,0,,216,8.7,sklearn_tol(center_shift<=1e-4 var),33,rule,1752,0.8518134621748303,0.36720390296518074,0.007548,0.12214611872146118,16911978.768654443,nan,2.833116045541928e-05
exact,1000000,16,50,2.0,0,,216,8.7,perez_ortega(changes<0.03n),2,rule,1000000,0.45439494614401993,0.09256654989778322,0.054701,0.054701,17521981.72229355,nan,0.03609863636100985
exact,1000000,16,50,2.0,0,,216,8.7,fixed_T20,20,t0,2857,0.8273944767826719,0.31761613461400273,0.009233,0.2233111655582779,16912134.241819922,nan,3.752450041516475e-05
exact,1000000,16,50,2.0,0,,216,8.7,fixed_T50,50,t0,907,0.8761860926526319,0.42666726033575003,0.006182,0.13009922822491732,16911882.570631564,nan,2.2642840383557683e-05
exact,1000000,16,50,2.0,0,,216,8.7,full_run,216,full,25,1.0,1.0,0.0,0.0,16911499.646244425,nan,0.0
exact,1000000,16,50,2.0,1,,133,9.4,auto_stop+auto,72,few_unstable,982,0.9658521060249695,0.812490668946728,0.002477,0.09877800407331976,17093315.25817665,nan,0.000982,,,,,,6.356718954991791e-06
exact,1000000,16,50,2.0,1,,133,9.4,auto_stop+markov,72,few_unstable,982,0.9658521060249695,0.812490668946728,0.002477,0.09877800407331976,17093315.25817665,nan,0.000982,,,,,,6.356718954991791e-06
exact,1000000,16,50,2.0,1,,133,9.4,auto_stop+frequency,72,few_unstable,982,0.9658521060249695,0.812490668946728,0.002902,0.5315682281059063,17093336.070964817,nan,0.000982,,,,,,7.574324794035192e-06
exact,1000000,16,50,2.0,1,,133,9.4,auto_stop+keep,72,few_unstable,982,0.9658521060249695,0.812490668946728,0.002473,0.09470468431771895,17093314.924948413,nan,0.000982,,,,,,6.337224178754042e-06
exact,1000000,16,50,2.0,1,,133,9.4,v0.1.0(unstable_tol)+markov,72,few_unstable,982,0.9658521060249695,0.812490668946728,0.002477,0.09877800407331976,17093315.25817665,nan,6.356718954991791e-06
exact,1000000,16,50,2.0,1,,133,9.4,sklearn_tol(center_shift<=1e-4 var),64,rule,45651,0.9609039296516125,0.7856235388026258,0.003128,0.0028257869488072553,17093344.187894072,nan,8.049187670611246e-06
exact,1000000,16,50,2.0,1,,133,9.4,perez_ortega(changes<0.03n),2,rule,1000000,0.24360906287606002,0.08568103903049067,0.091435,0.091435,17877037.11220756,nan,0.04585625909851698
exact,1000000,16,50,2.0,1,,133,9.4,fixed_T20,20,t0,7920,0.4558148410592568,0.3082967595113994,0.070421,0.27285353535353535,17628550.868284773,nan,0.03131912456803776
exact,1000000,16,50,2.0,1,,133,9.4,fixed_T50,50,t0,7274,0.5885853884784393,0.48388872386356485,0.057942,0.12661534231509486,17625458.501108967,nan,0.0311382125105224
exact,1000000,16,50,2.0,1,,133,9.4,full_run,133,full,59,1.0,1.0,0.0,0.0,17093206.601466246,nan,0.0
minibatch,1000000,16,50,2.0,0,,200,142.2,auto_stop+auto,13,few_unstable,775,0.06965174129353234,0.06358215044517039,0.000957,0.025806451612903226,16912444.09798109,0.02839666307540583,0.000775,,,,,,8.917542198227935e-06
minibatch,1000000,16,50,2.0,0,,200,142.2,auto_stop+markov,13,few_unstable,775,0.06965174129353234,0.06358215044517039,0.000957,0.025806451612903226,16912444.082522925,0.026102057406986123,0.000775,,,,,,8.916628178701203e-06
minibatch,1000000,16,50,2.0,0,,200,142.2,auto_stop+frequency,13,few_unstable,775,0.06965174129353234,0.06358215044517039,0.001176,0.30838709677419357,16912455.479655005,0.3831176803857525,0.000775,,,,,,9.590524491454033e-06
minibatch,1000000,16,50,2.0,0,,200,142.2,auto_stop+keep,13,few_unstable,775,0.06965174129353234,0.06358215044517039,0.000951,0.01806451612903226,16912443.934289757,0.01723891114515643,0.000775,,,,,,8.907863361162782e-06
minibatch,1000000,16,50,2.0,0,,200,142.2,v0.1.0(unstable_tol)+markov,13,few_unstable,775,0.06965174129353234,0.06358215044517039,0.000957,0.025806451612903226,16912444.082522925,0.026102057406986123,8.916628178701203e-06
minibatch,1000000,16,50,2.0,0,,200,142.2,sklearn_tol(center_shift<=1e-4 var),5,rule,1000000,0.029850746268656716,0.022231248224689207,0.001431,0.001431,16912537.638990685,nan,1.444848989629044e-05
minibatch,1000000,16,50,2.0,0,,200,142.2,perez_ortega(changes<0.03n),2,rule,1000000,0.014925373134328358,0.009399349993159984,0.002004,0.002004,16912730.669364564,nan,2.5862103098184264e-05
minibatch,1000000,16,50,2.0,0,,200,142.2,fixed_T20,20,t0,316,0.1044776119402985,0.09828973549424803,0.000766,0.012658227848101266,16912412.685876954,nan,7.060188874641327e-06
minibatch,1000000,16,50,2.0,0,,200,142.2,fixed_T50,50,t0,74,0.2537313432835821,0.2508969490443215,0.000435,0.02702702702702703,16912358.442973975,nan,3.852882681787406e-06
minibatch,1000000,16,50,2.0,0,,200,142.2,full_run,200,full,22,1.0,1.0,4.1e-05,1.0,16912293.28189208,nan,0.0
minibatch_const,1000000,16,50,2.0,0,0.0002,200,134.0,auto_stop+auto,48,oscillation,3045,0.24378109452736318,0.25674513335638516,0.005465,0.451559934318555,16703113.903962692,0.44253033900218885,0.003045,0.037820695303493704,0.0970301275865766,0.010806317539484621,0.4072249589490969,0.05712628491523459,1.8717293969627846e-05
minibatch_const,1000000,16,50,2.0,0,0.0002,200,134.0,auto_stop+markov,48,oscillation,3045,0.24378109452736318,0.25674513335638516,0.004624,0.17536945812807883,16702796.209418444,0.18524185322961245,0.003045,0.037820695303493704,0.0970301275865766,0.010806317539484621,0.4072249589490969,0.05712628491523459,-3.0314092980265883e-07
minibatch_const,1000000,16,50,2.0,0,0.0002,200,134.0,auto_stop+frequency,48,oscillation,3045,0.24378109452736318,0.25674513335638516,0.005465,0.451559934318555,16703113.903962692,0.44253033900218885,0.003045,0.037820695303493704,0.0970301275865766,0.010806317539484621,0.4072249589490969,0.05712628491523459,1.8717293969627846e-05
minibatch_const,1000000,16,50,2.0,0,0.0002,200,134.0,auto_stop+keep,48,oscillation,3045,0.24378109452736318,0.25674513335638516,0.004543,0.14876847290640394,16702779.239163723,0.15532362429831906,0.003045,0.037820695303493704,0.0970301275865766,0.010806317539484621,0.4072249589490969,0.05712628491523459,-1.3191534204981537e-06
minibatch_const,1000000,16,50,2.0,0,0.0002,200,134.0,v0.1.0(unstable_tol)+markov,200,max_iter,1475,1.0,1.0,0.000198,0.1335593220338983,16702784.504947407,0.13419688812277034,-1.0038899147524205e-06
minibatch_const,1000000,16,50,2.0,0,0.0002,200,134.0,sklearn_tol(center_shift<=1e-4 var),200,rule,1475,1.0,1.0,0.00036,0.24338983050847457,16702801.272721153,nan,0.0
minibatch_const,1000000,16,50,2.0,0,0.0002,200,134.0,perez_ortega(changes<0.03n),2,rule,1000000,0.014925373134328358,0.009427348076153232,0.054098,0.054098,17634929.652423166,nan,0.05580670957418121
minibatch_const,1000000,16,50,2.0,0,0.0002,200,134.0,fixed_T20,20,t0,12891,0.1044776119402985,0.10467359694140901,0.011293,0.23970211775657435,16703815.996116482,nan,6.0751689417992694e-05
minibatch_const,1000000,16,50,2.0,0,0.0002,200,134.0,fixed_T50,50,t0,2922,0.2537313432835821,0.26657087590568945,0.004238,0.14750171115674196,16702805.687229907,nan,2.642975081013077e-07
minibatch_const,1000000,16,50,2.0,0,0.0002,200,134.0,full_run,200,full,1475,1.0,1.0,0.00036,0.24338983050847457,16702801.272721153,nan,0.0
