regime,n,d,k,sep,seed,eta,T_full,record_seconds,policy,T_stop,stop_reason,n_U,dist_frac,time_frac,disagree_rate,U_err,sse,soft_tv_U,state_unstable_frac,state_center_drift,state_center_travel,state_cluster_unstable,state_size_change,state_net_flow,state_oscillating_share,state_projected_changes,rel_sse_vs_full
exact,100000,16,50,1.5,0,,52,0.7,auto_stop+auto,46,few_unstable,98,0.9941791746793653,0.976260858758535,0.00016,0.01020408163265306,1637637.8686635466,nan,0.00098,,,,,,,,4.88632986295201e-07
exact,100000,16,50,1.5,0,,52,0.7,auto_stop+markov,46,few_unstable,98,0.9941791746793653,0.976260858758535,0.00016,0.01020408163265306,1637637.8686635466,nan,0.00098,,,,,,,,4.88632986295201e-07
exact,100000,16,50,1.5,0,,52,0.7,auto_stop+frequency,46,few_unstable,98,0.9941791746793653,0.976260858758535,0.00069,0.5510204081632653,1637645.9960463073,nan,0.00098,,,,,,,,5.451504746512015e-06
exact,100000,16,50,1.5,0,,52,0.7,auto_stop+keep,46,few_unstable,98,0.9941791746793653,0.976260858758535,0.00016,0.01020408163265306,1637637.8686635466,nan,0.00098,,,,,,,,4.88632986295201e-07
exact,100000,16,50,1.5,0,,52,0.7,v0.1.0(unstable_tol)+markov,46,few_unstable,98,0.9941791746793653,0.976260858758535,0.00016,0.01020408163265306,1637637.8686635466,nan,4.88632986295201e-07
exact,100000,16,50,1.5,0,,52,0.7,sklearn_tol(center_shift<=1e-4 var),24,rule,205,0.9384348660448288,0.8526031289460893,0.00273,0.14634146341463414,1637678.3127892627,nan,2.5185268458960408e-05
exact,100000,16,50,1.5,0,,52,0.7,perez_ortega(changes<0.03n),4,rule,100000,0.4796770268278448,0.36421584074852226,0.04548,0.04548,1666346.8369628722,nan,0.01753121558845394
exact,100000,16,50,1.5,0,,52,0.7,fixed_T20,20,t0,1259,0.9274155124762187,0.8309183278692199,0.00294,0.027005559968228753,1637681.8235832339,nan,2.732908532698808e-05
exact,100000,16,50,1.5,0,,52,0.7,fixed_T50,50,t0,77,0.9983694540528473,0.991783020045912,2e-05,0.0,1637637.131602127,nan,3.855681640629882e-08
exact,100000,16,50,1.5,0,,52,0.7,full_run,52,full,59,1.0,1.0,0.0,0.0,1637637.0684600554,nan,0.0
exact,1000000,16,50,1.5,0,,145,7.4,auto_stop+auto,66,few_unstable,975,0.945465428066997,0.7107328981979671,0.001986,0.15487179487179487,16400268.591938915,nan,0.000975,,,,,,,,4.165674672096387e-06
exact,1000000,16,50,1.5,0,,145,7.4,auto_stop+markov,66,few_unstable,975,0.945465428066997,0.7107328981979671,0.001986,0.15487179487179487,16400268.591938915,nan,0.000975,,,,,,,,4.165674672096387e-06
exact,1000000,16,50,1.5,0,,145,7.4,auto_stop+frequency,66,few_unstable,975,0.945465428066997,0.7107328981979671,0.002295,0.4717948717948718,16400288.103897912,nan,0.000975,,,,,,,,5.355413740470993e-06
exact,1000000,16,50,1.5,0,,145,7.4,auto_stop+keep,66,few_unstable,975,0.945465428066997,0.7107328981979671,0.001985,0.15384615384615385,16400268.503692804,nan,0.000975,,,,,,,,4.160293877397692e-06
exact,1000000,16,50,1.5,0,,145,7.4,v0.1.0(unstable_tol)+markov,66,few_unstable,975,0.945465428066997,0.7107328981979671,0.001986,0.15487179487179487,16400268.591938915,nan,4.165674672096387e-06
exact,1000000,16,50,1.5,0,,145,7.4,sklearn_tol(center_shift<=1e-4 var),60,rule,1385,0.9363251565883427,0.6849214776807899,0.002343,0.1111913357400722,16400290.82424039,nan,5.521286256193747e-06
exact,1000000,16,50,1.5,0,,145,7.4,perez_ortega(changes<0.03n),3,rule,1000000,0.5592320040118182,0.2441771191368982,0.035644,0.035644,16708864.556665918,nan,0.018820763007052266
exact,1000000,16,50,1.5,0,,145,7.4,fixed_T20,20,t0,2117,0.8534874957915726,0.4909638109190929,0.007777,0.12517713745866793,16400721.932854652,nan,3.180807587210843e-05
exact,1000000,16,50,1.5,0,,145,7.4,fixed_T50,50,t0,1827,0.9168690897293794,0.6385479227092007,0.003418,0.07443897099069513,16400369.548786832,nan,1.0321504858801234e-05
exact,1000000,16,50,1.5,0,,145,7.4,full_run,145,full,30,1.0,1.0,0.0,0.0,16400200.274040017,nan,0.0
exact,1000000,16,50,1.5,1,,236,14.4,auto_stop+auto,149,few_unstable,993,0.9361468219878355,0.7970741424744111,0.003944,0.16717019133937563,16825891.599833097,nan,0.000993,,,,,,,,7.0985418185731675e-06
exact,1000000,16,50,1.5,1,,236,14.4,auto_stop+markov,149,few_unstable,993,0.9361468219878355,0.7970741424744111,0.003944,0.16717019133937563,16825891.599833097,nan,0.000993,,,,,,,,7.0985418185731675e-06
exact,1000000,16,50,1.5,1,,236,14.4,auto_stop+frequency,149,few_unstable,993,0.9361468219878355,0.7970741424744111,0.004294,0.5196374622356495,16825903.88681938,nan,0.000993,,,,,,,,7.828789807762249e-06
exact,1000000,16,50,1.5,1,,236,14.4,auto_stop+keep,149,few_unstable,993,0.9361468219878355,0.7970741424744111,0.003943,0.1661631419939577,16825891.184962645,nan,0.000993,,,,,,,,7.073884974007072e-06
exact,1000000,16,50,1.5,1,,236,14.4,v0.1.0(unstable_tol)+markov,149,few_unstable,993,0.9361468219878355,0.7970741424744111,0.003944,0.16717019133937563,16825891.599833097,nan,7.0985418185731675e-06
exact,1000000,16,50,1.5,1,,236,14.4,sklearn_tol(center_shift<=1e-4 var),87,rule,1789,0.8691402095708466,0.630792742205961,0.009777,0.1330352152040246,16826155.740006976,nan,2.2797088746751015e-05
exact,1000000,16,50,1.5,1,,236,14.4,perez_ortega(changes<0.03n),4,rule,1000000,0.35893303594808196,0.16125311815789306,0.098967,0.098967,17269951.470970206,nan,0.02639874742888737
exact,1000000,16,50,1.5,1,,236,14.4,fixed_T20,20,t0,28499,0.7416807642985774,0.4188701477677394,0.022056,0.02901856205480894,16827185.820248727,nan,8.401747327790865e-05
exact,1000000,16,50,1.5,1,,236,14.4,fixed_T50,50,t0,2819,0.8059623004090685,0.5218198120902798,0.0147,0.1369279886484569,16826482.57982283,nan,4.222204070281066e-05
exact,1000000,16,50,1.5,1,,236,14.4,full_run,236,full,146,1.0,1.0,0.0,0.0,16825772.16138578,nan,0.0
minibatch,1000000,16,50,1.5,0,,200,585.9,auto_stop+auto,13,few_unstable,839,0.06965174129353234,0.06633664322199635,0.000937,0.04290822407628129,16400807.51212506,0.048410609703777814,0.000839,,,,,,,,7.044148656376592e-06
minibatch,1000000,16,50,1.5,0,,200,585.9,auto_stop+markov,13,few_unstable,839,0.06965174129353234,0.06633664322199635,0.000933,0.03814064362336114,16400807.39073402,0.04587296708538506,0.000839,,,,,,,,7.036747076138994e-06
minibatch,1000000,16,50,1.5,0,,200,585.9,auto_stop+frequency,13,few_unstable,839,0.06965174129353234,0.06633664322199635,0.001121,0.2622169249106079,16400814.090118213,0.35375209392002704,0.000839,,,,,,,,7.445228876523657e-06
minibatch,1000000,16,50,1.5,0,,200,585.9,auto_stop+keep,13,few_unstable,839,0.06965174129353234,0.06633664322199635,0.000923,0.026221692491060787,16400807.240059532,0.02619805227614344,0.000839,,,,,,,,7.027559994821075e-06
minibatch,1000000,16,50,1.5,0,,200,585.9,v0.1.0(unstable_tol)+markov,13,few_unstable,839,0.06965174129353234,0.06633664322199635,0.000933,0.03814064362336114,16400807.39073402,0.04587296708538506,7.036747076138994e-06
minibatch,1000000,16,50,1.5,0,,200,585.9,sklearn_tol(center_shift<=1e-4 var),5,rule,1000000,0.029850746268656716,0.025140624064704974,0.001386,0.001386,16400895.945131768,nan,1.2436177651231617e-05
minibatch,1000000,16,50,1.5,0,,200,585.9,perez_ortega(changes<0.03n),2,rule,1000000,0.014925373134328358,0.010082738063161218,0.002136,0.002136,16401134.561910598,nan,2.698536734846435e-05
minibatch,1000000,16,50,1.5,0,,200,585.9,fixed_T20,20,t0,295,0.1044776119402985,0.1008746532278155,0.000751,0.01694915254237288,16400783.46562127,nan,5.577960289882e-06
minibatch,1000000,16,50,1.5,0,,200,585.9,fixed_T50,50,t0,79,0.2537313432835821,0.25156089981247115,0.000393,0.012658227848101266,16400741.612472234,nan,3.0260466827858323e-06
minibatch,1000000,16,50,1.5,0,,200,585.9,full_run,200,full,18,1.0,1.0,4.2e-05,1.0,16400691.983212663,nan,0.0
minibatch_const,1000000,16,50,1.5,0,0.0002,200,575.8,auto_stop+auto,123,oscillation,2572,0.6169154228855721,0.6160050424538908,0.000459,0.15902021772939348,16400919.5817673,0.15849561164192205,0.002572,0.027033454971078983,1.9443406361750961,0.03927369172702234,0.0036511156186612576,0.03269012485811578,0.8977449455676516,inf,-5.726278516693384e-06
minibatch_const,1000000,16,50,1.5,0,0.0002,200,575.8,auto_stop+markov,123,oscillation,2572,0.6169154228855721,0.6160050424538908,0.000505,0.17690513219284604,16400944.83690771,0.17705502673754495,0.002572,0.027033454971078983,1.9443406361750961,0.03927369172702234,0.0036511156186612576,0.03269012485811578,0.8977449455676516,inf,-4.1864260914570295e-06
minibatch_const,1000000,16,50,1.5,0,0.0002,200,575.8,auto_stop+frequency,123,oscillation,2572,0.6169154228855721,0.6160050424538908,0.000459,0.15902021772939348,16400919.5817673,0.15849561164192205,0.002572,0.027033454971078983,1.9443406361750961,0.03927369172702234,0.0036511156186612576,0.03269012485811578,0.8977449455676516,inf,-5.726278516693384e-06
minibatch_const,1000000,16,50,1.5,0,0.0002,200,575.8,auto_stop+keep,123,oscillation,2572,0.6169154228855721,0.6160050424538908,0.000684,0.24650077760497668,16400993.987991389,0.3110653922558526,0.002572,0.027033454971078983,1.9443406361750961,0.03927369172702234,0.0036511156186612576,0.03269012485811578,0.8977449455676516,inf,-1.1895939943107336e-06
minibatch_const,1000000,16,50,1.5,0,0.0002,200,575.8,v0.1.0(unstable_tol)+markov,200,max_iter,2460,1.0,1.0,0.000275,0.11138211382113822,16400981.245605422,0.1131914517108594,-1.9665207353636305e-06
minibatch_const,1000000,16,50,1.5,0,0.0002,200,575.8,sklearn_tol(center_shift<=1e-4 var),200,rule,2460,1.0,1.0,0.000564,0.22886178861788617,16401013.498538548,nan,0.0
minibatch_const,1000000,16,50,1.5,0,0.0002,200,575.8,perez_ortega(changes<0.03n),3,rule,1000000,0.01990049751243781,0.014961330537575328,0.040998,0.040998,16622694.811998961,nan,0.013516317969018532
minibatch_const,1000000,16,50,1.5,0,0.0002,200,575.8,fixed_T20,20,t0,38712,0.1044776119402985,0.10081451849672224,0.010271,0.06292622442653441,16401309.800649926,nan,1.8066085452739244e-05
minibatch_const,1000000,16,50,1.5,0,0.0002,200,575.8,fixed_T50,50,t0,3409,0.2537313432835821,0.2517293987983289,0.005191,0.22205925491346437,16400998.520750554,nan,-9.132233197428619e-07
minibatch_const,1000000,16,50,1.5,0,0.0002,200,575.8,full_run,200,full,2460,1.0,1.0,0.000564,0.22886178861788617,16401013.498538548,nan,0.0
exact,1000000,16,50,2.0,0,,216,8.1,auto_stop+auto,49,few_unstable,967,0.8752473896422688,0.4068235717472625,0.006233,0.1344364012409514,16911885.11255083,nan,0.000967,,,,,,,,2.2793147530730806e-05
exact,1000000,16,50,2.0,0,,216,8.1,auto_stop+markov,49,few_unstable,967,0.8752473896422688,0.4068235717472625,0.006233,0.1344364012409514,16911885.11255083,nan,0.000967,,,,,,,,2.2793147530730806e-05
exact,1000000,16,50,2.0,0,,216,8.1,auto_stop+frequency,49,few_unstable,967,0.8752473896422688,0.4068235717472625,0.006545,0.45708376421923474,16911901.203193985,nan,0.000967,,,,,,,,2.374460916887422e-05
exact,1000000,16,50,2.0,0,,216,8.1,auto_stop+keep,49,few_unstable,967,0.8752473896422688,0.4068235717472625,0.006229,0.13029989658738367,16911884.85184068,nan,0.000967,,,,,,,,2.277773138459338e-05
exact,1000000,16,50,2.0,0,,216,8.1,v0.1.0(unstable_tol)+markov,49,few_unstable,967,0.8752473896422688,0.4068235717472625,0.006233,0.1344364012409514,16911885.11255083,nan,2.2793147530730806e-05
exact,1000000,16,50,2.0,0,,216,8.1,sklearn_tol(center_shift<=1e-4 var),33,rule,1752,0.8518134621748303,0.34350320916892174,0.007548,0.12214611872146118,16911978.768654443,nan,2.833116045541928e-05
exact,1000000,16,50,2.0,0,,216,8.1,perez_ortega(changes<0.03n),2,rule,1000000,0.45439494614401993,0.08318488084723352,0.054701,0.054701,17521981.72229355,nan,0.03609863636100985
exact,1000000,16,50,2.0,0,,216,8.1,fixed_T20,20,t0,2857,0.8273944767826719,0.2905068815184069,0.009233,0.2233111655582779,16912134.241819922,nan,3.752450041516475e-05
exact,1000000,16,50,2.0,0,,216,8.1,fixed_T50,50,t0,907,0.8761860926526319,0.410204740810479,0.006182,0.13009922822491732,16911882.570631564,nan,2.2642840383557683e-05
exact,1000000,16,50,2.0,0,,216,8.1,full_run,216,full,25,1.0,1.0,0.0,0.0,16911499.646244425,nan,0.0
exact,1000000,16,50,2.0,1,,133,9.2,auto_stop+auto,72,few_unstable,982,0.9658521060249695,0.814612249616618,0.002477,0.09877800407331976,17093315.25817665,nan,0.000982,,,,,,,,6.356718954991791e-06
exact,1000000,16,50,2.0,1,,133,9.2,auto_stop+markov,72,few_unstable,982,0.9658521060249695,0.814612249616618,0.002477,0.09877800407331976,17093315.25817665,nan,0.000982,,,,,,,,6.356718954991791e-06
exact,1000000,16,50,2.0,1,,133,9.2,auto_stop+frequency,72,few_unstable,982,0.9658521060249695,0.814612249616618,0.002902,0.5315682281059063,17093336.070964817,nan,0.000982,,,,,,,,7.574324794035192e-06
exact,1000000,16,50,2.0,1,,133,9.2,auto_stop+keep,72,few_unstable,982,0.9658521060249695,0.814612249616618,0.002473,0.09470468431771895,17093314.924948413,nan,0.000982,,,,,,,,6.337224178754042e-06
exact,1000000,16,50,2.0,1,,133,9.2,v0.1.0(unstable_tol)+markov,72,few_unstable,982,0.9658521060249695,0.814612249616618,0.002477,0.09877800407331976,17093315.25817665,nan,6.356718954991791e-06
exact,1000000,16,50,2.0,1,,133,9.2,sklearn_tol(center_shift<=1e-4 var),64,rule,45651,0.9609039296516125,0.7895768844647292,0.003128,0.0028257869488072553,17093344.187894072,nan,8.049187670611246e-06
exact,1000000,16,50,2.0,1,,133,9.2,perez_ortega(changes<0.03n),2,rule,1000000,0.24360906287606002,0.09255839330627628,0.091435,0.091435,17877037.11220756,nan,0.04585625909851698
exact,1000000,16,50,2.0,1,,133,9.2,fixed_T20,20,t0,7920,0.4558148410592568,0.29089270767355335,0.070421,0.27285353535353535,17628550.868284773,nan,0.03131912456803776
exact,1000000,16,50,2.0,1,,133,9.2,fixed_T50,50,t0,7274,0.5885853884784393,0.5038037358330554,0.057942,0.12661534231509486,17625458.501108967,nan,0.0311382125105224
exact,1000000,16,50,2.0,1,,133,9.2,full_run,133,full,59,1.0,1.0,0.0,0.0,17093206.601466246,nan,0.0
minibatch,1000000,16,50,2.0,0,,200,598.1,auto_stop+auto,13,few_unstable,775,0.06965174129353234,0.06516479591405251,0.000957,0.025806451612903226,16912444.09798109,0.02839666307540583,0.000775,,,,,,,,8.917542198227935e-06
minibatch,1000000,16,50,2.0,0,,200,598.1,auto_stop+markov,13,few_unstable,775,0.06965174129353234,0.06516479591405251,0.000957,0.025806451612903226,16912444.082522925,0.026102057406986123,0.000775,,,,,,,,8.916628178701203e-06
minibatch,1000000,16,50,2.0,0,,200,598.1,auto_stop+frequency,13,few_unstable,775,0.06965174129353234,0.06516479591405251,0.001176,0.30838709677419357,16912455.479655005,0.3831176803857525,0.000775,,,,,,,,9.590524491454033e-06
minibatch,1000000,16,50,2.0,0,,200,598.1,auto_stop+keep,13,few_unstable,775,0.06965174129353234,0.06516479591405251,0.000951,0.01806451612903226,16912443.934289757,0.01723891114515643,0.000775,,,,,,,,8.907863361162782e-06
minibatch,1000000,16,50,2.0,0,,200,598.1,v0.1.0(unstable_tol)+markov,13,few_unstable,775,0.06965174129353234,0.06516479591405251,0.000957,0.025806451612903226,16912444.082522925,0.026102057406986123,8.916628178701203e-06
minibatch,1000000,16,50,2.0,0,,200,598.1,sklearn_tol(center_shift<=1e-4 var),5,rule,1000000,0.029850746268656716,0.023973831273456765,0.001431,0.001431,16912537.638990685,nan,1.444848989629044e-05
minibatch,1000000,16,50,2.0,0,,200,598.1,perez_ortega(changes<0.03n),2,rule,1000000,0.014925373134328358,0.009484386820707643,0.002004,0.002004,16912730.669364564,nan,2.5862103098184264e-05
minibatch,1000000,16,50,2.0,0,,200,598.1,fixed_T20,20,t0,316,0.1044776119402985,0.10176935208307351,0.000766,0.012658227848101266,16912412.685876954,nan,7.060188874641327e-06
minibatch,1000000,16,50,2.0,0,,200,598.1,fixed_T50,50,t0,74,0.2537313432835821,0.2582295441087053,0.000435,0.02702702702702703,16912358.442973975,nan,3.852882681787406e-06
minibatch,1000000,16,50,2.0,0,,200,598.1,full_run,200,full,22,1.0,1.0,4.1e-05,1.0,16912293.28189208,nan,0.0
minibatch_const,1000000,16,50,2.0,0,0.0002,200,577.3,auto_stop+auto,94,oscillation,1659,0.472636815920398,0.470387211328009,0.00124,0.35804701627486435,16702623.74354974,0.33272822315864514,0.001659,0.026930214353837786,1.8565194019859548,0.04070585687993938,0.003737929602325823,0.016683022571148183,0.836045810729355,0.05488878683310466,-1.062870643753211e-05
minibatch_const,1000000,16,50,2.0,0,0.0002,200,577.3,auto_stop+markov,94,oscillation,1659,0.472636815920398,0.470387211328009,0.00125,0.3640747438215793,16702625.974161686,0.33987236454793557,0.001659,0.026930214353837786,1.8565194019859548,0.04070585687993938,0.003737929602325823,0.016683022571148183,0.836045810729355,0.05488878683310466,-1.0495159261214582e-05
minibatch_const,1000000,16,50,2.0,0,0.0002,200,577.3,auto_stop+frequency,94,oscillation,1659,0.472636815920398,0.470387211328009,0.00124,0.35804701627486435,16702623.74354974,0.33272822315864514,0.001659,0.026930214353837786,1.8565194019859548,0.04070585687993938,0.003737929602325823,0.016683022571148183,0.836045810729355,0.05488878683310466,-1.062870643753211e-05
minibatch_const,1000000,16,50,2.0,0,0.0002,200,577.3,auto_stop+keep,94,oscillation,1659,0.472636815920398,0.470387211328009,0.001306,0.39783001808318263,16702636.948651271,0.40908984994519143,0.001659,0.026930214353837786,1.8565194019859548,0.04070585687993938,0.003737929602325823,0.016683022571148183,0.836045810729355,0.05488878683310466,-9.838114409577159e-06
minibatch_const,1000000,16,50,2.0,0,0.0002,200,577.3,v0.1.0(unstable_tol)+markov,200,max_iter,1475,1.0,1.0,0.000198,0.1335593220338983,16702784.504947407,0.13419688812277034,-1.0038899147524205e-06
minibatch_const,1000000,16,50,2.0,0,0.0002,200,577.3,sklearn_tol(center_shift<=1e-4 var),200,rule,1475,1.0,1.0,0.00036,0.24338983050847457,16702801.272721153,nan,0.0
minibatch_const,1000000,16,50,2.0,0,0.0002,200,577.3,perez_ortega(changes<0.03n),2,rule,1000000,0.014925373134328358,0.01004398096246616,0.054098,0.054098,17634929.652423166,nan,0.05580670957418121
minibatch_const,1000000,16,50,2.0,0,0.0002,200,577.3,fixed_T20,20,t0,12891,0.1044776119402985,0.09869565660726104,0.011293,0.23970211775657435,16703815.996116482,nan,6.0751689417992694e-05
minibatch_const,1000000,16,50,2.0,0,0.0002,200,577.3,fixed_T50,50,t0,2922,0.2537313432835821,0.24819240942877124,0.004238,0.14750171115674196,16702805.687229907,nan,2.642975081013077e-07
minibatch_const,1000000,16,50,2.0,0,0.0002,200,577.3,full_run,200,full,1475,1.0,1.0,0.00036,0.24338983050847457,16702801.272721153,nan,0.0
minibatch_const,1000000,16,50,1.5,1,0.0002,200,532.4,auto_stop+auto,124,oscillation,5082,0.6218905472636815,0.6750051404223185,0.00297,0.22924045651318378,16826694.08531883,0.21589665566150062,0.005082,0.028334048362844425,1.8308253558486856,0.03546310054482417,0.0045436187399030695,0.028881498337125854,0.8988587170405352,0.25699150931445525,6.144152461917685e-06
minibatch_const,1000000,16,50,1.5,1,0.0002,200,532.4,auto_stop+markov,124,oscillation,5082,0.6218905472636815,0.6750051404223185,0.002998,0.23475009838646202,16826707.07408003,0.22233206862442031,0.005082,0.028334048362844425,1.8308253558486856,0.03546310054482417,0.0045436187399030695,0.028881498337125854,0.8988587170405352,0.25699150931445525,6.9160712321547635e-06
minibatch_const,1000000,16,50,1.5,1,0.0002,200,532.4,auto_stop+frequency,124,oscillation,5082,0.6218905472636815,0.6750051404223185,0.00297,0.22924045651318378,16826694.08531883,0.21589665566150062,0.005082,0.028334048362844425,1.8308253558486856,0.03546310054482417,0.0045436187399030695,0.028881498337125854,0.8988587170405352,0.25699150931445525,6.144152461917685e-06
minibatch_const,1000000,16,50,1.5,1,0.0002,200,532.4,auto_stop+keep,124,oscillation,5082,0.6218905472636815,0.6750051404223185,0.003237,0.28177882723337266,16826750.087823104,0.3320701173823715,0.005082,0.028334048362844425,1.8308253558486856,0.03546310054482417,0.0045436187399030695,0.028881498337125854,0.8988587170405352,0.25699150931445525,9.47236702852905e-06
minibatch_const,1000000,16,50,1.5,1,0.0002,200,532.4,v0.1.0(unstable_tol)+markov,200,max_iter,5039,1.0,1.0,0.001191,0.19428458027386386,16826545.38350494,0.1734195523214858,-2.693158467015344e-06
minibatch_const,1000000,16,50,1.5,1,0.0002,200,532.4,sklearn_tol(center_shift<=1e-4 var),200,rule,5039,1.0,1.0,0.001773,0.30978368723953165,16826590.700180154,nan,0.0
minibatch_const,1000000,16,50,1.5,1,0.0002,200,532.4,perez_ortega(changes<0.03n),3,rule,1000000,0.01990049751243781,0.015813013916668676,0.093461,0.093461,17196281.86339653,nan,0.021970651678858255
minibatch_const,1000000,16,50,1.5,1,0.0002,200,532.4,fixed_T20,20,t0,21849,0.1044776119402985,0.10915862000045169,0.022097,0.2973133781866447,16828168.046917677,nan,9.374131490025306e-05
minibatch_const,1000000,16,50,1.5,1,0.0002,200,532.4,fixed_T50,50,t0,7021,0.2537313432835821,0.2718786600780521,0.011535,0.253525138869107,16826954.82724755,nan,2.163997888127156e-05
minibatch_const,1000000,16,50,1.5,1,0.0002,200,532.4,full_run,200,full,5039,1.0,1.0,0.001773,0.30978368723953165,16826590.700180154,nan,0.0
minibatch_const,1000000,16,50,1.5,0,0.001,200,548.2,auto_stop+auto,20,oscillation,10987,0.1044776119402985,0.06554374248283097,0.003203,0.21452625830526986,16408154.813167112,0.20066830381951478,0.010987,0.135425591502924,1.6546664782662743,0.20702548460100365,0.01608419380460683,0.023894313612866168,0.8628378993355784,inf,-8.563591920163205e-05
minibatch_const,1000000,16,50,1.5,0,0.001,200,548.2,auto_stop+markov,20,oscillation,10987,0.1044776119402985,0.06554374248283097,0.003469,0.23873668881405297,16408332.084214665,0.21876710503236307,0.010987,0.135425591502924,1.6546664782662743,0.20702548460100365,0.01608419380460683,0.023894313612866168,0.8628378993355784,inf,-7.483300633281953e-05
minibatch_const,1000000,16,50,1.5,0,0.001,200,548.2,auto_stop+frequency,20,oscillation,10987,0.1044776119402985,0.06554374248283097,0.003203,0.21452625830526986,16408154.813167112,0.20066830381951478,0.010987,0.135425591502924,1.6546664782662743,0.20702548460100365,0.01608419380460683,0.023894313612866168,0.8628378993355784,inf,-8.563591920163205e-05
minibatch_const,1000000,16,50,1.5,0,0.001,200,548.2,auto_stop+keep,20,oscillation,10987,0.1044776119402985,0.06554374248283097,0.004223,0.3073632474742878,16408561.460346032,0.3498189362688064,0.010987,0.135425591502924,1.6546664782662743,0.20702548460100365,0.01608419380460683,0.023894313612866168,0.8628378993355784,inf,-6.085480517969977e-05
minibatch_const,1000000,16,50,1.5,0,0.001,200,548.2,v0.1.0(unstable_tol)+markov,200,max_iter,10073,1.0,1.0,0.001764,0.17383103345577286,16409399.18184456,0.15020699385495978,-9.803985083434164e-06
minibatch_const,1000000,16,50,1.5,0,0.001,200,548.2,sklearn_tol(center_shift<=1e-4 var),200,rule,10073,1.0,1.0,0.002792,0.2758860319666435,16409560.060926624,nan,0.0
minibatch_const,1000000,16,50,1.5,0,0.001,200,548.2,perez_ortega(changes<0.03n),2,rule,1000000,0.014925373134328358,0.0046632948710355745,0.039058,0.039058,16617331.940783001,nan,0.012661636209925664
minibatch_const,1000000,16,50,1.5,0,0.001,200,548.2,fixed_T20,20,t0,10987,0.1044776119402985,0.06554374248283097,0.004223,0.3073632474742878,16408561.460346032,nan,-6.085480517969977e-05
minibatch_const,1000000,16,50,1.5,0,0.001,200,548.2,fixed_T50,50,t0,10961,0.2537313432835821,0.2140066032177702,0.004562,0.3575403704041602,16408633.379491098,nan,-5.6472046300104495e-05
minibatch_const,1000000,16,50,1.5,0,0.001,200,548.2,full_run,200,full,10073,1.0,1.0,0.002792,0.2758860319666435,16409560.060926624,nan,0.0
