image,height,width,n,k,seed,policy,T,T_full,stop_reason,converged,n_U,frac_fractional,n_dist,seconds,dist_frac,time_frac,psnr,psnr_blur,d_psnr,d_psnr_blur,psnr_pi_dither,psnr_blur_pi_dither,disagree_rate
1,1707,2273,3880011,64,0,fixed_T25,25,153,,,0,,1380364819,5.099225281985127,0.5250353828627823,0.3153798150211178,37.04498830257408,40.9862407862401,-0.0288565133983809,-0.1015400821578751,,,0.0340810889453663
1,1707,2273,3880011,64,0,sklearn_tol,41,153,,,0,,1786693240,7.365809711980546,0.6795864081796372,0.4555648311229002,37.06694002971963,41.01339080658748,-0.006904786252825,-0.0743900618104973,,,0.0168102616203923
1,1707,2273,3880011,64,0,fixed_T50,50,153,,,0,,1893245095,8.47401619998709,0.7201144578768127,0.5241058227177341,37.06892671336962,41.02128512815344,-0.0049181026028364,-0.0664957402445338,,,0.0128200667472334
1,1707,2273,3880011,64,0,auto,98,153,few_unstable,,3676,0.0078890097932535,2397735197,12.837087429990788,0.9120022474004126,0.7939555589715599,37.07347345705345,41.084290617763166,-0.0003713589190041,-0.0034902506348117,37.0734731450859,41.08426926470906,0.0019152007558741
1,1707,2273,3880011,64,0,v0.1.0,98,153,,,3676,0.0078890097932535,2397735197,12.837087429990788,0.9120022474004126,0.7939555589715599,37.07347345705345,41.084290617763166,-0.0003713589190041,-0.0034902506348117,37.073472964902855,41.084259731655465,0.0019152007558741
1,1707,2273,3880011,64,0,full,153,153,,True,0,,2629089132,16.168521379986487,1.0,1.0,37.07384481597246,41.08778086839798,0.0,0.0,,,0.0
1,1707,2273,3880011,64,0,sample_faiss,20,153,,,0,,253591376,0.9230604149997816,0.0964559827635391,0.0570899708950722,36.90100413798191,40.89666738172916,-0.1728406779905498,-0.1911134866688186,,,0.1368985809576313
1,1707,2273,3880011,64,0,sample_100k,190,153,,,0,,381055487,1.5392532679979922,0.1449382154305752,0.0952006205034488,37.04010366897582,41.131104662133765,-0.0337411469966397,0.0433237937357873,,,0.0954636468814134
2,1561,2342,3655862,64,0,fixed_T25,25,409,,,0,,1300642809,5.252582348995929,0.280147081199196,0.1448254451655637,34.98777389747981,38.31461806931159,-0.0280327285708779,-0.1405480052688972,,,0.1187555766601693
2,1561,2342,3655862,64,0,sklearn_tol,48,409,,,0,,1964561438,8.820900028993492,0.4231493449883791,0.2432119457782738,35.00172640325873,38.39352665331886,-0.0140802227919607,-0.0616394212616242,,,0.0972224881573757
2,1561,2342,3655862,64,0,fixed_T50,50,409,,,0,,2004191151,9.043297070995322,0.4316852384319046,0.2493439297190066,35.0021476258705,38.39771812691297,-0.0136590001801906,-0.0574479476675122,,,0.0960914279587139
2,1561,2342,3655862,64,0,auto,197,409,few_unstable,,3614,0.0102379634753735,3444527640,21.229495292005595,0.7419211160655833,0.585344674680384,35.01277173740311,38.44221051944154,-0.0030348886475763,-0.0129555551389444,35.012771505754365,38.44217340908496,0.0301127340145771
2,1561,2342,3655862,64,0,v0.1.0,197,409,,,3614,0.0102379634753735,3444527640,21.229495292005595,0.7419211160655833,0.585344674680384,35.01277173740311,38.44221051944154,-0.0030348886475763,-0.0129555551389444,35.012771601902685,38.44217910602551,0.0301127340145771
2,1561,2342,3655862,64,0,full,409,409,,True,0,,4642714118,36.26836667404132,1.0,1.0,35.01580662605069,38.45516607458048,0.0,0.0,,,0.0
2,1561,2342,3655862,64,0,sample_faiss,25,409,,,0,,241602927,0.9347138340017408,0.0520391565923249,0.0257721513185966,34.89589738469072,38.42227747593476,-0.11990924135997,-0.0328885986457265,,,0.1794028330391026
2,1561,2342,3655862,64,0,sample_100k,136,409,,,0,,310041425,1.2382455939987267,0.0667802102649302,0.0341412009293759,34.98411234854407,38.40348666247392,-0.0316942775066166,-0.0516794121065586,,,0.1400963712525254
3,2980,2235,6660300,64,0,fixed_T25,25,186,,,0,,1983929340,8.416726112995093,0.4031272175612347,0.2491929044811453,32.318244250890665,34.181166467968325,-0.0314534346794417,-0.0737155067950183,,,0.1481152500638109
3,2980,2235,6660300,64,0,sklearn_tol,45,186,,,0,,2781250077,13.288026530000934,0.5651398879372286,0.3934168560767302,32.3283754881415,34.20398794458909,-0.0213221974286028,-0.0508940301742555,,,0.1054996021200246
3,2980,2235,6660300,64,0,fixed_T50,50,186,,,0,,2919977333,14.323164941000869,0.5933287611917494,0.4240640630446281,32.33060988741373,34.211102788618724,-0.0190877981563772,-0.0437791861446186,,,0.0951464648739546
3,2980,2235,6660300,64,0,auto,164,186,stable_drift,,10457,0.0100411207803385,4831112759,31.57650124498105,0.9816645205016474,0.9348813247517296,32.34965306920314,34.25462616289267,-4.461636696362348e-05,-0.000255811870673,32.349652981859265,34.25462235887801,0.0012527964205816
3,2980,2235,6660300,64,0,v0.1.0,169,186,,,6261,0.0092636958952244,4857299212,32.153426434982975,0.9869855123952842,0.9519622730723536,32.349665821713955,34.254661460125945,-3.186385615094878e-05,-0.0002205146373981,32.349665690469735,34.25466908635637,0.0009412488926925
3,2980,2235,6660300,64,0,full,186,186,,True,0,,4921348035,33.77594611098539,1.0,1.0,32.349697685570106,34.25488197476334,0.0,0.0,,,0.0
3,2980,2235,6660300,64,0,sample_faiss,25,186,,,0,,431403214,1.5815724280000725,0.0876595621630324,0.0468254071345073,32.263416171071015,34.177892642193505,-0.0862815144990918,-0.0769893325698376,,,0.2009290872783508
3,2980,2235,6660300,64,0,sample_100k,78,186,,,0,,466714611,1.8083421910014292,0.0948347094496843,0.0535393497212289,32.30540162174651,34.16895416784304,-0.0442960638235945,-0.0859278069203028,,,0.1698821374412564
4,1706,2273,3877738,64,0,sklearn_tol,25,122,,,0,,1368267996,5.57623911500923,0.5555354127246968,0.3836212181245135,35.582695935513115,37.808459125420185,-0.0098507097837696,-0.0003740724977276,,,0.0387478473274883
4,1706,2273,3877738,64,0,fixed_T25,25,122,,,0,,1368267996,5.57623911500923,0.5555354127246968,0.3836212181245135,35.582695935513115,37.808459125420185,-0.0098507097837696,-0.0003740724977276,,,0.0387478473274883
4,1706,2273,3877738,64,0,fixed_T50,50,122,,,0,,1779761580,8.462819964006485,0.7226074035110723,0.5822055396839354,35.58809997487247,37.80849583814239,-0.0044466704244143,-0.0003373597755214,,,0.0233107548782305
4,1706,2273,3877738,64,0,auto,105,122,stable_drift,,14031,0.0033497256075832,2398847531,13.48924192600316,0.9739647182376284,0.9280017073337116,35.59246766373115,37.80937666771558,-7.8981565735603e-05,0.0005434697976696,35.59246745188564,37.8093716240043,0.0012355141064197
4,1706,2273,3877738,64,0,v0.1.0,113,122,,,3654,0.0060207991242474,2433520964,13.999400732005595,0.9880426035412012,0.9630984344573436,35.59250963468415,37.80890798002138,-3.701061273631012e-05,7.478210346789638e-05,35.592509643170345,37.80890885436079,0.0005237589543182
4,1706,2273,3877738,64,0,full,122,122,,True,0,,2462971693,14.535794298008112,1.0,1.0,35.592546645296885,37.80883319791791,0.0,0.0,,,0.0
4,1706,2273,3877738,64,0,sample_faiss,25,122,,,0,,254114439,0.9427100409993728,0.1031739178010926,0.0648543878423317,35.55418487225785,37.717919494396206,-0.0383617730390355,-0.0909137035217071,,,0.1521397268201204
4,1706,2273,3877738,64,0,sample_100k,83,122,,,0,,296775847,1.1439881909973335,0.1204950295788884,0.0787014570751113,35.57719779074305,37.81870115954335,-0.0153488545538351,0.0098679616254386,,,0.072721519607565
5,1560,2340,3650400,64,0,fixed_T25,25,118,,,0,,1223644668,4.937385331999394,0.6527248316732331,0.4033321492244421,32.824771780405484,35.32127595625196,-0.0128839349667728,0.0136979891308257,,,0.0517392614507999
5,1560,2340,3650400,64,0,sklearn_tol,39,118,,,0,,1405475845,6.5225924480000685,0.7497184504124527,0.532826800759675,32.83296291463521,35.32058551860368,-0.0046928007370468,0.0130075514825449,,,0.0231610234494849
5,1560,2340,3650400,64,0,fixed_T50,50,118,,,0,,1560578052,7.730417107002722,0.8324541208270455,0.6314932978719322,32.835027057779115,35.31823381479024,-0.0026286575931422,0.0106558476691063,,,0.0147422200306815
5,1560,2340,3650400,64,0,auto,73,118,stable_drift,,9440,0.015572033898305,1778393562,9.777151994010636,0.948642746347677,0.7986898858148174,32.83756837792408,35.30990783988078,-8.733744817845945e-05,0.0023298727596454,32.83756754370267,35.30997923498892,0.0019277339469647
5,1560,2340,3650400,64,0,v0.1.0,87,118,,,3254,0.0119852489244007,1823810860,10.583174262017565,0.9728695492483562,0.8645333782339814,32.83763424043166,35.308399104186385,-2.1474940595567205e-05,0.0008211370652517,32.83763419422304,35.30843777152735,0.0006952662721893
5,1560,2340,3650400,64,0,full,118,118,,True,0,,1874671544,12.241487175007933,1.0,1.0,32.83765571537226,35.307577967121134,0.0,0.0,,,0.0
5,1560,2340,3650400,64,0,sample_faiss,25,118,,,0,,239688814,0.8609992460005742,0.1278564315797818,0.0703345299220163,32.71539852490521,35.219633033374976,-0.1222571904670459,-0.0879449337461579,,,0.148048433048433
5,1560,2340,3650400,64,0,sample_100k,69,118,,,0,,278375742,1.0523408480003127,0.1484930749020853,0.0859651146103194,32.81173018909999,35.33023796164024,-0.0259255262722675,0.0226599945191097,,,0.0866039338154722
6,3281,2187,7175547,64,0,fixed_T25,25,203,,,0,,3182527812,13.066771343987057,0.4146402040887189,0.2765287278621848,33.100603520284515,36.54209818787923,-0.039828982387938,-0.0458780454959608,,,0.1723072819396207
6,3281,2187,7175547,64,0,fixed_T50,50,203,,,0,,4636167966,21.042249748992617,0.6040297980628678,0.4453117301333156,33.12625489056151,36.609908330179785,-0.0141776121109415,0.0219320968045906,,,0.0777239700332253
6,3281,2187,7175547,64,0,sklearn_tol,66,203,,,0,,5420793967,25.525473362988123,0.7062559228311234,0.5401890406841255,33.13400216620745,36.60801673436861,-0.0064303364650015,0.0200405009934101,,,0.0462633719770771
6,3281,2187,7175547,64,0,auto,156,203,few_unstable,,7167,0.0114413283103111,7431664328,41.83632136599772,0.968245054155326,0.8853713301638647,33.14038521906637,36.58792126233115,-4.728360608652338e-05,-5.49710440438389e-05,33.14038506019041,36.58793265282127,0.0015491501902224
6,3281,2187,7175547,64,0,v0.1.0,156,203,,,7167,0.0072554764894656,7431664328,41.83632136599772,0.968245054155326,0.8853713301638647,33.14038534924619,36.587959652345525,-4.715342626582242e-05,-1.6581029669282543e-05,33.14038520073308,36.5879663654847,0.0015456661352786
6,3281,2187,7175547,64,0,full,203,203,,True,0,,7675396116,47.25285305799844,1.0,1.0,33.14043250267245,36.5879762333752,0.0,0.0,,,0.0
6,3281,2187,7175547,64,0,sample_faiss,25,203,,,0,,466690088,1.7798525209982472,0.0608033879876435,0.0376665620341198,32.99954898200898,36.36215472685437,-0.1408835206634719,-0.2258215065208233,,,0.3379891456358658
6,3281,2187,7175547,64,0,sample_100k,122,203,,,0,,558016634,2.740963808999368,0.0727019981205618,0.0580063135158228,33.10884196066025,36.53792228327372,-0.0315905420122035,-0.0500539501014714,,,0.177614333792253
7,2360,2360,5569600,64,0,fixed_T25,25,131,,,0,,2675819034,9.885436296986882,0.5666866652606677,0.4161553141481866,40.30683153976299,43.928644512201856,-0.0134888385572651,-0.0328671842178138,,,0.0074994613616776
7,2360,2360,5569600,64,0,fixed_T50,50,131,,,0,,3843543629,15.204343316989252,0.8139881263367584,0.6400697024801172,40.31852865733239,43.95178987514024,-0.0017917209878675,-0.0097218212794345,,,0.0029777721918988
7,2360,2360,5569600,64,0,auto,52,131,few_unstable,,5559,0.0075553157042633,3906380723,15.578807239988237,0.8272958062661819,0.6558338171667197,40.31866768761489,43.95265042343482,-0.0016526907053631,-0.008861272984852,40.31866066988386,43.9526554708954,0.0028366489514507
7,2360,2360,5569600,64,0,v0.1.0,52,131,,,5559,0.0026983270372369,3906380723,15.578807239988237,0.8272958062661819,0.6558338171667197,40.31867644285517,43.95277018731687,-0.0016439354650898,-0.0087415091028049,40.31867596293032,43.95276477557551,0.0028337762137316
7,2360,2360,5569600,64,0,sklearn_tol,63,131,,,0,,4124293305,17.01249527298205,0.8734454721601879,0.7161889573786792,40.31948760760553,43.954637745272606,-0.000832770714723,-0.0068739511470639,,,0.0018568658431485
7,2360,2360,5569600,64,0,full,131,131,,True,0,,4721866947,23.75419935996979,1.0,1.0,40.320320378320254,43.96151169641967,0.0,0.0,,,0.0
7,2360,2360,5569600,64,0,sample_faiss,11,131,,,0,,360900341,1.256333029999951,0.0764317048851397,0.0528888812862749,39.988974223836834,43.65366366255667,-0.3313461544834197,-0.3078480338630029,,,0.0462115771330077
7,2360,2360,5569600,64,0,sample_100k,42,131,,,0,,426310837,1.4564659829993616,0.0902843815349039,0.0613140422427276,40.21738586048648,43.77797209561794,-0.1029345178337735,-0.1835396008017298,,,0.0241299195633438
8,3281,2187,7175547,64,0,sklearn_tol,23,81,,,0,,2286799279,9.558715300005131,0.6332097662629046,0.4704217255282922,37.02246555340497,40.641106336260776,-0.01318907243364,-0.0615291374226956,,,0.0532934980427276
8,3281,2187,7175547,64,0,fixed_T25,25,81,,,0,,2335236505,9.926588762002211,0.6466219292085286,0.4885262158637914,37.02327376032392,40.64586233885805,-0.012380865514693,-0.0567731348254199,,,0.0501225899572534
8,3281,2187,7175547,64,0,fixed_T50,50,81,,,0,,3115950800,15.49845551701219,0.8628000261647408,0.7627395479947435,37.03463583905049,40.687840230427376,-0.0010187867881228,-0.0147952432560956,,,0.0057739152151048
8,3281,2187,7175547,64,0,auto,81,81,converged,,0,,3611440317,20.319459713027754,1.0,1.0,37.03565462583861,40.70263547368347,0.0,0.0,,,0.0
8,3281,2187,7175547,64,0,v0.1.0,81,81,,,0,,3611440317,20.319459713027754,1.0,1.0,37.03565462583861,40.70263547368347,0.0,0.0,,,0.0
8,3281,2187,7175547,64,0,full,81,81,,True,0,,3611440317,20.319459713027754,1.0,1.0,37.03565462583861,40.70263547368347,0.0,0.0,,,0.0
8,3281,2187,7175547,64,0,sample_faiss,25,81,,,0,,464944203,1.8464043980020504,0.1287420425616298,0.0908687742724888,36.97282513585418,40.66767038189988,-0.0628294899844306,-0.0349650917835901,,,0.120339815208513
8,3281,2187,7175547,64,0,sample_100k,46,81,,,0,,503178812,1.8396851899997275,0.1393291229627705,0.0905380957949496,37.01653527443928,40.67268710542549,-0.0191193513993326,-0.0299483682579833,,,0.0800471378697679
9,3280,2187,7173360,64,0,fixed_T25,25,141,,,0,,1940777232,8.243297206005082,0.424725381575457,0.2796483317442507,35.80507368640204,39.46371259302924,-0.0289441992633712,-0.0394105661037045,,,0.0842550771186724
9,3280,2187,7173360,64,0,sklearn_tol,29,141,,,0,,2086874760,9.240909193002151,0.4566977930938496,0.3134916496448314,35.80845635530312,39.472313497198485,-0.0255615303622889,-0.0308096619344624,,,0.0786578395619347
9,3280,2187,7173360,64,0,fixed_T50,50,141,,,0,,2549833474,13.10549318100675,0.5580130358817621,0.444595070778761,35.814266039261554,39.50705767379339,-0.0197518464038566,0.0039345146604432,,,0.0579679536507299
9,3280,2187,7173360,64,0,auto,140,141,few_unstable,,7142,0.0039204704564547,4569463609,29.395522909009745,0.9999948180181916,0.997223409131248,35.834017864793815,39.50313591010557,-2.0871596007054904e-08,1.27509726226549e-05,35.83401786465837,39.50312675094806,5.57618744911729e-07
9,3280,2187,7173360,64,0,v0.1.0,140,141,,,7142,0.0039204704564547,4569463609,29.395522909009745,0.9999948180181916,0.997223409131248,35.83401787814835,39.50312681034533,-7.517058975281543e-09,3.6512123813281514e-06,35.834017849206454,39.503127010559474,2.788093724558645e-07
9,3280,2187,7173360,64,0,full,141,141,,True,0,,4569487288,29.477369504009403,1.0,1.0,35.83401788566541,39.50312315913295,0.0,0.0,,,0.0
9,3280,2187,7173360,64,0,sample_faiss,25,141,,,0,,464084625,1.568375096001546,0.1015616404533479,0.0532060737573012,35.75597262990639,39.26593044753321,-0.0780452557590223,-0.2371927115997394,,,0.1552876197486254
9,3280,2187,7173360,64,0,sample_100k,60,141,,,0,,495288700,1.781498891999945,0.1083904317450855,0.0604361556670662,35.78717156547542,39.51235705436059,-0.0468463201899922,0.0092338952276449,,,0.1206332876085962
10,2831,3774,10684194,64,0,fixed_T25,25,105,,,0,,3706618463,16.893994742003997,0.546110756865443,0.3871599447156,35.1953567565793,37.565429087298206,-0.0404862137250887,-0.0209041076922673,,,0.1430818272300184
10,2831,3774,10684194,64,0,fixed_T50,50,105,,,0,,5149915209,28.82098207200397,0.7587573743167442,0.6604909020069185,35.22571300268183,37.55858437056453,-0.0101299676225607,-0.0277488244259416,,,0.0448442811877058
10,2831,3774,10684194,64,0,sklearn_tol,52,105,,,0,,5240778529,29.55690910800695,0.7721446265931344,0.6773561535311906,35.227154571614605,37.56030080600461,-0.0086883986897845,-0.0260323889858611,,,0.0399883229376029
10,2831,3774,10684194,64,0,auto,92,105,stable_drift,,29540,0.0048408937034529,6663788261,41.28306381900256,0.9818022780419534,0.9460846265162072,35.2358068686229,37.58592219114868,-3.610168148782122e-05,-0.0004110038417906,35.23580667282872,37.58593705464891,0.000457591840807
10,2831,3774,10684194,64,0,v0.1.0,98,105,,,10302,0.0051446321102698,6763359679,42.59450619900235,0.9964725288349456,0.9761389722818072,35.23584188148353,37.58630425695857,-1.0888208592518822e-06,-2.8938031903180672e-05,35.2358417660147,37.58630916427127,4.165031073003728e-05
10,2831,3774,10684194,64,0,full,105,105,,True,0,,6787301690,43.6356988180014,1.0,1.0,35.23584297030439,37.58633319499047,0.0,0.0,,,0.0
10,2831,3774,10684194,64,0,sample_faiss,25,105,,,0,,689283740,2.611226794997492,0.1015548993520575,0.0598415257628522,35.13775912080226,37.54604351003841,-0.0980838495021316,-0.0402896849520644,,,0.1899899047134486
10,2831,3774,10684194,64,0,sample_100k,67,105,,,0,,738779271,3.290367983998294,0.1088472716762351,0.0754054151331911,35.18521951067402,37.57429270537974,-0.0506234596303727,-0.0120404896107331,,,0.1841376148729609
11,4387,2925,12831975,64,0,sklearn_tol,16,52,,,0,,3816724123,14.601727083994774,0.6542504528881159,0.5232610043999452,41.78935933351573,45.20291764148596,-0.0149558180833935,0.0224297552063106,,,0.0183356030540894
11,4387,2925,12831975,64,0,fixed_T25,25,52,,,0,,4419571572,18.18616809299056,0.7575886046172172,0.6517114398717438,41.79622210291777,45.195149750571375,-0.0080930486813599,0.0146618642917246,,,0.01019788458129
11,4387,2925,12831975,64,0,fixed_T50,50,52,,,0,,5833187013,27.559428965989355,0.9999059722547116,0.9876074520828028,41.80431514808437,45.180483088198216,-3.514756485856196e-09,-4.7980814343873135e-06,,,3.11721305566758e-07
11,4387,2925,12831975,64,0,auto,52,52,converged,,0,,5833735546,27.905246064990934,1.0,1.0,41.80431515159913,45.18048788627965,0.0,0.0,,,0.0
11,4387,2925,12831975,64,0,v0.1.0,52,52,,,0,,5833735546,27.905246064990934,1.0,1.0,41.80431515159913,45.18048788627965,0.0,0.0,,,0.0
11,4387,2925,12831975,64,0,full,52,52,,True,0,,5833735546,27.905246064990934,1.0,1.0,41.80431515159913,45.18048788627965,0.0,0.0,,,0.0
11,4387,2925,12831975,64,0,sample_faiss,21,52,,,0,,825767099,3.2670098369999323,0.1415503141149758,0.1170751130232326,41.71729866692125,45.16256263140679,-0.0870164846778749,-0.017925254872857,,,0.0491856475717884
11,4387,2925,12831975,64,0,sample_100k,45,52,,,0,,862203402,3.75629494900204,0.1477961068343566,0.1346089169131023,41.76245034087,45.10148630453121,-0.0418648107291232,-0.079001581748443,,,0.0292220020690501
12,2172,3866,8396952,64,0,fixed_T25,25,398,,,0,,3139130457,14.04288566800824,0.3597353633982394,0.1743707098934193,32.57644470996842,36.10599506015936,-0.032343133440122,-0.0853722701201746,,,0.1646006789130151
12,2172,3866,8396952,64,0,sklearn_tol,42,398,,,0,,3795319659,18.95473901701189,0.4349327673522832,0.235361262377182,32.59107949504888,36.156313165151126,-0.0177083483596618,-0.0350541651284075,,,0.1311105505902618
12,2172,3866,8396952,64,0,fixed_T50,50,398,,,0,,4025196282,20.823812953014567,0.4612759702374205,0.2585695798675501,32.5926501846893,36.15816879201434,-0.0161376587192449,-0.0331985382651964,,,0.1229137668049073
12,2172,3866,8396952,64,0,auto,208,398,stable_drift,,22233,0.006836684208159,7119001097,52.63076245201592,0.8158171448246251,0.653516921518281,32.60751776572164,36.1940597337198,-0.0012700776869039,0.002692403440264,32.60751775073871,36.19404122754015,0.0218031495237795
12,2172,3866,8396952,64,0,v0.1.0,217,398,,,7772,0.0086206896551724,7198764652,54.0796472680122,0.8249578198736266,0.6715077447644338,32.60755810765897,36.19434579840939,-0.0012297357495754,0.0029784681298536,32.607558089772624,36.194336257053614,0.0211720872049762
12,2172,3866,8396952,64,0,full,398,398,,True,0,,8726221485,80.53465904102632,1.0,1.0,32.60878784340854,36.19136733027953,0.0,0.0,,,0.0
12,2172,3866,8396952,64,0,sample_faiss,25,398,,,0,,543572571,1.902321995999955,0.0622918604500674,0.0236211591214518,32.46170063307669,35.94290972524099,-0.1470872103318541,-0.2484576050385456,,,0.2501647026206652
12,2172,3866,8396952,64,0,sample_100k,99,398,,,0,,606149203,2.2352872629999183,0.0694629633274773,0.0277555935496195,32.58083435882047,36.17193394448122,-0.0279534845880746,-0.0194333857983153,,,0.1537516232080402
13,2580,3870,9984600,64,0,fixed_T25,25,111,,,0,,3836060101,15.650530464004987,0.6134814772594882,0.4279506713726668,33.00267489346019,36.32037881508764,-0.045731478781029,-0.0196582289731352,,,0.0459679907056867
13,2580,3870,9984600,64,0,sklearn_tol,37,111,,,0,,5384734018,22.66136642800484,0.8611529780648918,0.6196561196050967,33.04683958666534,36.342009329788034,-0.0015667855758749,0.0019722857272554,,,0.0190305069807503
13,2580,3870,9984600,64,0,fixed_T50,50,111,,,0,,5636845896,25.582950318006624,0.9014719416050576,0.6995443885729384,33.04758941957632,36.33905234260013,-0.0008169526648984,-0.0009847014606521,,,0.0114821825611441
13,2580,3870,9984600,64,0,auto,80,111,stable_drift,,31899,0.0092479388068591,6036439898,31.424382420016627,0.965376967125144,0.8592734658449503,33.048247389379874,36.33627932284493,-0.0001589828613433,-0.0037577212158481,33.04824758054805,36.33626713644842,0.0029484405985217
13,2580,3870,9984600,64,0,v0.1.0,101,111,,,9415,0.0327137546468401,6229563808,35.11563007501172,0.9962622865626688,0.9602075470117872,33.04840173052693,36.34015773923893,-4.641714284048248e-06,0.000120695178154,33.04840152432628,36.34015248702292,0.000219437934419
13,2580,3870,9984600,64,0,full,111,111,,True,0,,6252935489,36.57087489500918,1.0,1.0,33.04840637224122,36.34003704406078,0.0,0.0,,,0.0
13,2580,3870,9984600,64,0,sample_faiss,25,111,,,0,,645633069,2.3310739009975805,0.1032527954487585,0.063741266997025,32.94474836574381,36.17100318316615,-0.1036580064974046,-0.1690338608946291,,,0.1417769364821825
13,2580,3870,9984600,64,0,sample_100k,77,111,,,0,,700318239,2.8957109990005847,0.1119983150684956,0.0791807963936832,33.036973511709405,36.295985223036816,-0.0114328605318121,-0.0440518210239631,,,0.133493279650662
14,2580,3870,9984600,64,0,fixed_T25,25,140,,,0,,3576432654,15.164079957998185,0.5227468810075937,0.3697374451982309,33.5551543265725,36.900693061921245,-0.0262387455046066,0.022757687134387,,,0.0698162169741401
14,2580,3870,9984600,64,0,sklearn_tol,40,140,,,0,,4746971015,21.215925846001483,0.6938378357409722,0.517296284479051,33.56875961929142,36.8910654086481,-0.0126334527856855,0.0131300338612447,,,0.0437843278649119
14,2580,3870,9984600,64,0,fixed_T50,50,140,,,0,,5259843417,24.38145332000568,0.768801486517541,0.5944796048113732,33.574423863263235,36.87793454119784,-0.0069692088138708,-8.335890200328322e-07,,,0.0279686717545019
14,2580,3870,9984600,64,0,auto,98,140,stable_drift,,13914,0.0050309041253413,6609210106,35.42345881801157,0.9660307639153348,0.863710769115816,33.58133241763461,36.878232396885,-6.065444249259144e-05,0.0002970220981381,33.5813321584835,36.87824070708083,0.0016567513971516
14,2580,3870,9984600,64,0,v0.1.0,102,140,,,9848,0.0030463038180341,6644180359,36.01918444200783,0.9711421674988332,0.8782360202926487,33.58134589515878,36.87803358479267,-4.7176918322122674e-05,9.821000580956252e-05,33.58134586908623,36.87802937221228,0.0013616970134006
14,2580,3870,9984600,64,0,full,140,140,,True,0,,6841614525,41.01310309500332,1.0,1.0,33.581393072077105,36.87793537478686,0.0,0.0,,,0.0
14,2580,3870,9984600,64,0,sample_faiss,25,140,,,0,,644238924,2.522585029997572,0.0941647503883595,0.061506807328239,33.44069966656218,36.78906316371615,-0.1406934055149236,-0.0888722110707078,,,0.1599872804118342
14,2580,3870,9984600,64,0,sample_100k,116,140,,,0,,709168826,2.4816961319993425,0.1036551859811189,0.060509835752996,33.53955002968356,36.89162641829623,-0.0418430423935447,0.0136910435093682,,,0.1584405985217234
15,5661,3774,21364614,64,0,fixed_T25,25,348,,,0,,7931565684,31.44998450699859,0.2840916299625863,0.1546563081189514,33.76292718027105,36.923642221884464,-0.0708819642744913,-0.0668894967890878,,,0.2304459607835648
15,5661,3774,21364614,64,0,sklearn_tol,40,348,,,0,,9712936271,43.27711274799731,0.3478964944484364,0.2128165908051069,33.775650521929194,36.93598307338439,-0.0581586226163466,-0.0545486452891594,,,0.2084411166988554
15,5661,3774,21364614,64,0,fixed_T50,50,348,,,0,,10727546690,49.95571649698832,0.384237658248188,0.2456588390732575,33.78276878766496,36.927385746128905,-0.051040356880577,-0.0631459725446461,,,0.1911519206478525
15,5661,3774,21364614,64,0,auto,328,348,stable_drift,,30140,0.0109820836098208,27724730406,196.84586026699253,0.9930402350701656,0.9679958351209186,33.833786368191895,36.99145632523156,-2.2776353645781452e-05,0.0009246065580086,33.83378617473051,36.99142658511401,0.0006161590375562
15,5661,3774,21364614,64,0,v0.1.0,332,348,,,19930,0.0111891620672353,27777039698,198.50827815599405,0.994913841444812,0.9761708284410794,33.83379502999151,36.99152068917601,-1.4114554033994864e-05,0.0009889705024619,33.833795002774615,36.99149251251219,0.000383250546909
15,5661,3774,21364614,64,0,full,348,348,,True,0,,27919040364,203.35403637599663,1.0,1.0,33.83380914454554,36.99053171867355,0.0,0.0,,,0.0
15,5661,3774,21364614,64,0,sample_faiss,25,348,,,0,,1374277365,5.116994642001373,0.049223660522804,0.0251629853687299,33.68885913479863,36.852914573190255,-0.1449500097469069,-0.137617145483297,,,0.3435331431684186
15,5661,3774,21364614,64,0,sample_100k,125,348,,,0,,1443944919,5.228788338998129,0.0517190025220882,0.0257127344614405,33.772369222609605,36.892499025303,-0.0614399219359356,-0.0980326933705555,,,0.2357748658599682
16,2515,3773,9489095,64,0,fixed_T25,25,244,,,0,,2863315619,11.54155531098877,0.3521203432888326,0.1979123835303545,34.39369535612913,37.79071188377435,-0.0406823799384099,-0.0914120447017907,,,0.1539647353093208
16,2515,3773,9489095,64,0,sklearn_tol,29,244,,,0,,3065501244,12.781525441991109,0.3769844103901504,0.2191751542333175,34.39893429933272,37.79292707355351,-0.0354434367348162,-0.0891968549226334,,,0.1374216403144873
16,2515,3773,9489095,64,0,fixed_T50,50,244,,,0,,3861365328,18.10766772698844,0.474856937124456,0.3105068236870876,34.41033241542199,37.83243110883378,-0.0240453206455484,-0.0496928196423596,,,0.1021133206064435
16,2515,3773,9489095,64,0,auto,179,244,stable_drift,,27889,0.0065617268457097,7540538228,48.13373227800548,0.9273084992122644,0.825388037111604,34.43358447347859,37.88950222207022,-0.0007932625889495,0.0073782935940798,34.43358326922838,37.88952692261343,0.0080036083525352
16,2515,3773,9489095,64,0,v0.1.0,216,244,,,9253,0.0054036528693396,7991003029,54.53829205700095,0.9827050539319472,0.935212203540612,34.43435520801839,37.883306770177285,-2.2528049150594143e-05,0.0011828417011443,34.434355219891934,37.883304812182416,0.0004401895017385
16,2515,3773,9489095,64,0,full,244,244,,True,0,,8131639292,58.31648886800758,1.0,1.0,34.43437773606754,37.88212392847614,0.0,0.0,,,0.0
16,2515,3773,9489095,64,0,sample_faiss,25,244,,,0,,612146758,2.0783285680008703,0.0752796251799113,0.0356387808721632,34.31783088310369,37.78935679093662,-0.1165468529638502,-0.0927671375395178,,,0.2063849081498288
16,2515,3773,9489095,64,0,sample_100k,126,244,,,0,,674612002,2.6028220699990925,0.0829613781151964,0.0446326951523139,34.4172736638781,37.92275488917039,-0.0171040721894399,0.0406309606942514,,,0.1224822809762153
17,4988,3741,18660108,64,0,fixed_T25,25,137,,,0,,5555689197,23.587384336995456,0.5909356257569369,0.3474198572184739,33.18195199211828,36.12943904348721,-0.0198735495839486,-0.0090624638172727,,,0.0697286425137518
17,4988,3741,18660108,64,0,sklearn_tol,42,137,,,0,,6938104274,34.31702978500107,0.7379773859446638,0.5054573842410988,33.1958572296727,36.13752779958556,-0.0059683120295304,-0.0009737077189271,,,0.0340711854400842
17,4988,3741,18660108,64,0,fixed_T50,50,137,,,0,,7385570820,38.57207091300734,0.7855725472270103,0.5681301147155866,33.1986392522596,36.137056267829,-0.003186289442624,-0.0014452394754869,,,0.021415631678016
17,4988,3741,18660108,64,0,auto,91,137,stable_drift,,32337,0.0120604879858985,8897037687,54.4820621670151,0.9463410112627284,0.8024692347656662,33.20170941831548,36.13754998856628,-0.0001161233867463,-0.0009515187382049,33.20170917399871,36.13750320020112,0.0015028851923043
17,4988,3741,18660108,64,0,v0.1.0,98,137,,,18344,0.0128652420409943,9029924601,56.71063810101623,0.9604756413500094,0.8352940500028874,33.201771230798016,36.13842994418393,-5.431090421126328e-05,-7.156312054945602e-05,33.20177088060697,36.13844375101672,0.0009056753583634
17,4988,3741,18660108,64,0,full,137,137,,True,0,,9401513388,67.89302294302252,1.0,1.0,33.20182554170223,36.13850150730448,0.0,0.0,,,0.0
17,4988,3741,18660108,64,0,sample_faiss,25,137,,,0,,1199830996,4.535491656002705,0.127621048493262,0.0668035014409212,33.117116132278824,36.04730629097615,-0.0847094094234037,-0.0911952163283302,,,0.1073264956451484
17,4988,3741,18660108,64,0,sample_100k,74,137,,,0,,1252062589,4.774059228999249,0.1331767064862259,0.0703173761021917,33.17450569571213,36.09229029961019,-0.0273198459900996,-0.0462112076942915,,,0.0865474626406235
18,4000,3000,12000000,64,0,fixed_T25,25,171,,,0,,5028332042,20.923010122984124,0.4422002658228147,0.3048374433173412,34.98130842610855,38.3812404753694,-0.0401853203866195,0.0708402603328721,,,0.136821
18,4000,3000,12000000,64,0,sklearn_tol,31,171,,,0,,5381800184,23.34180581598412,0.4732848690365132,0.3400780463962997,34.98735599692876,38.38948587780886,-0.0341377495664048,0.0790856627723357,,,0.12063525
18,4000,3000,12000000,64,0,fixed_T50,50,171,,,0,,6862006301,32.101183172988385,0.6034567695678895,0.4676976471547854,34.99880568309784,38.36421586577893,-0.0226880633973252,0.0538156507424005,,,0.08870975
18,4000,3000,12000000,64,0,auto,115,171,stable_drift,,55355,0.0039382169632372,10866978841,58.20859295500122,0.9556610208004044,0.848069113918281,35.02091708351281,38.306979905564326,-0.000576662982354,-0.0034203094721974,35.02091630475014,38.30697089285842,0.0059415833333333
18,4000,3000,12000000,64,0,v0.1.0,124,171,,,11553,0.0067514931186704,10949452235,59.97439171799852,0.9629138745191904,0.8737958892322073,35.02095198578243,38.30952878680712,-0.0005417607127355,-0.0008714282294093,35.020951905903736,38.30952075326987,0.0052216666666666
18,4000,3000,12000000,64,0,full,171,171,,True,0,,11371164675,68.6366146339933,1.0,1.0,35.02149374649517,38.31040021503652,0.0,0.0,,,0.0
18,4000,3000,12000000,64,0,sample_faiss,25,171,,,0,,773941458,2.659720114002994,0.0680617579746729,0.0387507473698408,34.84750367670979,38.285106935508566,-0.1739900697853755,-0.0252932795279576,,,0.2030166666666666
18,4000,3000,12000000,64,0,sample_100k,189,171,,,0,,856514068,3.3932419209995714,0.0753233369210704,0.0494377809729417,34.99110210097861,38.33045283755412,-0.0303916455165591,0.0200526225175963,,,0.1919983333333333
19,5505,3670,20203350,64,0,sklearn_tol,15,123,,,0,,5107916143,18.298956304995954,0.3079054091422997,0.2182733424355505,40.03231161025552,43.02987162221574,-0.0620265109207593,-0.0307192821538038,,,0.0292433185585558
19,5505,3670,20203350,64,0,fixed_T25,25,123,,,0,,6204207477,25.03725942799429,0.3739898988411017,0.2986490710009661,40.03943174570905,43.04660702141605,-0.0549063754672261,-0.0139838829534895,,,0.0191761762281997
19,5505,3670,20203350,64,0,fixed_T50,50,123,,,0,,10162850564,45.34193383898673,0.6126170777585672,0.5408469907557067,40.06724560225706,43.1032064093036,-0.0270925189192183,0.0426155049340621,,,0.0108836900811004
19,5505,3670,20203350,64,0,auto,91,123,few_unstable,,18845,0.0019633855133987,15296614501,71.83548545998565,0.922080593056917,0.8568669849520647,40.09358212216192,43.05408701746519,-0.000755999014359,-0.0065038869043547,40.09358207910022,43.05406894834992,0.0014549072307315
19,5505,3670,20203350,64,0,v0.1.0,91,123,,,18845,0.0019633855133987,15296614501,71.83548545998565,0.922080593056917,0.8568669849520647,40.09358212216192,43.05408701746519,-0.000755999014359,-0.0065038869043547,40.09358208086141,43.05406449417831,0.0014549072307315
19,5505,3670,20203350,64,0,full,123,123,,True,0,,16589238095,83.83504875497601,1.0,1.0,40.09433812117628,43.06059090436954,0.0,0.0,,,0.0
19,5505,3670,20203350,64,0,sample_faiss,25,123,,,0,,1298383755,4.775098807000177,0.0782666297008138,0.0569582636130661,39.96253147861466,42.97668727528632,-0.1318066425616209,-0.083903629083224,,,0.083926824016809
19,5505,3670,20203350,64,0,sample_100k,47,123,,,0,,1336778691,4.90532173199972,0.0805810781269638,0.0585115867986963,40.03471588635098,42.93984684566416,-0.0596222348252979,-0.1207440587053767,,,0.0453935114721073
20,3264,2448,7990272,64,0,fixed_T25,25,94,,,0,,2623931335,10.33973204099675,0.556893895793062,0.4195716598345972,35.57338370593905,39.00863651306222,-0.0129401939543214,-0.06582226179016,,,0.0399449480568371
20,3264,2448,7990272,64,0,sklearn_tol,26,94,,,0,,2654617074,10.574231774997315,0.5634065283871611,0.4290873264142801,35.57366616529635,39.01235608692569,-0.0126577345970204,-0.0621026879266892,,,0.0388894145280661
20,3264,2448,7990272,64,0,fixed_T50,50,94,,,0,,3705513157,16.678220474001137,0.7864449920577583,0.6767785296193654,35.58390242519563,39.04661659702565,-0.0024214746977406,-0.0278421778267343,,,0.0095876585928489
20,3264,2448,7990272,64,0,auto,80,94,few_unstable,,6138,0.0040729879439556,4589642099,22.806483050997485,0.97408938820724,0.9254547323621144,35.58626600599901,39.074847950936416,-5.789389436472448e-05,0.0003891760840346,35.586265802862314,39.07486980892864,0.0003794614250929
20,3264,2448,7990272,64,0,v0.1.0,80,94,,,6138,0.0021179537308569,4589642099,22.806483050997485,0.97408938820724,0.9254547323621144,35.58626600599901,39.074847950936416,-5.789389436472448e-05,0.0003891760840346,35.58626592779539,39.07487000831256,0.0003794614250929
20,3264,2448,7990272,64,0,full,94,94,,True,0,,4711725797,24.643542523994256,1.0,1.0,35.58632389989337,39.07445877485238,0.0,0.0,,,0.0
20,3264,2448,7990272,64,0,sample_faiss,25,94,,,0,,516834775,1.828382624000369,0.1096911826509669,0.074193173413285,35.51038731179918,38.92323948461628,-0.0759365880941942,-0.1512192902361064,,,0.0955618281830706
20,3264,2448,7990272,64,0,sample_100k,45,94,,,0,,548624609,1.9792425519990504,0.1164381444585154,0.0803148553042629,35.54717395229402,38.925144212541845,-0.0391499475993555,-0.1493145623105363,,,0.0804298026400102
21,2455,3928,9643240,64,0,fixed_T25,25,130,,,0,,2728056247,11.298954638015855,0.5378577701802632,0.3388863734766329,32.13166127072893,34.99784814099982,-0.0135993189373522,-0.0327504050183122,,,0.064767443307436
21,2455,3928,9643240,64,0,sklearn_tol,30,130,,,0,,2895855945,12.762107467013266,0.5709408019185019,0.3827703053930176,32.13404963836932,35.0057906687072,-0.0112109512969595,-0.0248078773109341,,,0.0560354196307465
21,2455,3928,9643240,64,0,fixed_T50,50,130,,,0,,3407343331,17.20531058601773,0.6717845675893245,0.516034048797505,32.13804297826494,35.016918282235345,-0.0072176114013373,-0.0136802637827884,,,0.0358411695654157
21,2455,3928,9643240,64,0,auto,123,130,few_unstable,,8561,0.0035042635206167,5047075286,32.388427254038106,0.9950706339889752,0.9714170032866104,32.145259420406376,35.030732043211536,-1.1692599031221107e-06,0.0001334971934028,32.145259384991824,35.03072716082678,3.5776357323887e-05
21,2455,3928,9643240,64,0,v0.1.0,123,130,,,8561,0.0029202196005139,5047075286,32.388427254038106,0.9950706339889752,0.9714170032866104,32.14525942392153,35.03073144029489,-1.1657447487323225e-06,0.0001328942767599,32.14525938924508,35.03072654356288,3.567265773744094e-05
21,2455,3928,9643240,64,0,full,130,130,,True,0,,5072077412,33.34142509803496,1.0,1.0,32.14526058966628,35.03059854601813,0.0,0.0,,,0.0
21,2455,3928,9643240,64,0,sample_faiss,25,130,,,0,,622476866,2.308261553000193,0.1227262155990138,0.0692310405513001,32.0780911890162,34.95588128771289,-0.06716940065008,-0.0747172583052417,,,0.1049499960594157
21,2455,3928,9643240,64,0,sample_100k,76,130,,,0,,659634398,2.542613125999196,0.1300521156162511,0.0762598814694651,32.13377616879535,35.017723611283685,-0.0114844208709286,-0.0128749347344481,,,0.0559895844135373
22,2000,3000,6000000,64,0,fixed_T25,25,197,,,0,,2119671933,7.800659950997215,0.5108304199531445,0.2761327660438272,32.06736101886203,34.13134234776388,-0.02782890694602,-0.0369645337220703,,,0.0905981666666666
22,2000,3000,6000000,64,0,sklearn_tol,35,197,,,0,,2443965353,9.784301242994845,0.5889835253217579,0.3463509732517998,32.07494122548589,34.1508110620648,-0.0202487003221634,-0.0174958194211569,,,0.0755085
22,2000,3000,6000000,64,0,fixed_T50,50,197,,,0,,2741235993,12.014138208003716,0.660624274773027,0.4252841728583228,32.08096306220593,34.16401451840275,-0.0142268636021185,-0.0042923630832021,,,0.054762
22,2000,3000,6000000,64,0,auto,115,197,few_unstable,,5782,0.0131442407471463,3766694065,20.771875815989915,0.9077545827271974,0.7352961878891963,32.094675256712165,34.17107500229054,-0.0005146690958852,0.0027681208045891,32.0946745155751,34.17107507950304,0.0060258333333333
22,2000,3000,6000000,64,0,v0.1.0,115,197,,,5782,0.0114147353856796,3766694065,20.771875815989915,0.9077545827271974,0.7352961878891963,32.09467611672711,34.17105371316196,-0.0005138090809424,0.0027468316760064,32.09467602757375,34.17103775029786,0.006025
22,2000,3000,6000000,64,0,full,197,197,,True,0,,4149463012,28.249671571968065,1.0,1.0,32.09518992580805,34.168306881485954,0.0,0.0,,,0.0
22,2000,3000,6000000,64,0,sample_faiss,25,197,,,0,,389824092,1.33274209999945,0.0939456722165378,0.0471772599764281,32.001589423712176,34.062408561294795,-0.0936005020958745,-0.1058983201911587,,,0.123491
22,2000,3000,6000000,64,0,sample_100k,87,197,,,0,,454940978,1.8473429619989477,0.1096385186912951,0.0653934314702636,32.10726131139202,34.19515261927697,0.0120713855839724,0.0268457377910138,,,0.1209561666666666
23,2580,3870,9984600,64,0,fixed_T25,25,101,,,0,,4222220074,17.242311419991893,0.5681094380818454,0.4274415509449323,34.9596427012878,38.35129203727064,-0.0169221625242883,-0.0418298520471012,,,0.0273996955311179
23,2580,3870,9984600,64,0,sklearn_tol,46,101,,,0,,6371086872,28.849378929982777,0.8572444162991164,0.7151838853421943,34.97519951880335,38.401455903754425,-0.001365345008736,0.0083340144366843,,,0.0067045249684514
23,2580,3870,9984600,64,0,fixed_T50,50,101,,,0,,6537043683,30.133163945978595,0.8795742875494669,0.7470092621696229,34.97554181563174,38.40101678373647,-0.0010230481803432,0.007894894418726,,,0.0054119343789435
23,2580,3870,9984600,64,0,auto,72,101,few_unstable,,9283,0.0369492620919961,7118736439,35.81421462799335,0.9578423879695304,0.887844040951173,34.976396183203526,38.39072938026463,-0.0001686806085601,-0.0023925090531093,34.97639594576555,38.39054344271937,0.0015289545900687
23,2580,3870,9984600,64,0,v0.1.0,72,101,,,9283,0.0369492620919961,7118736439,35.81421462799335,0.9578423879695304,0.887844040951173,34.976396183777695,38.39072739629705,-0.0001686800343918,-0.002394493020688,34.976395239384,38.39063648528264,0.0015288544358311
23,2580,3870,9984600,64,0,full,101,101,,True,0,,7432054092,40.33840739599327,1.0,1.0,34.97656486381209,38.39312188931774,0.0,0.0,,,0.0
23,2580,3870,9984600,64,0,sample_faiss,25,101,,,0,,645050796,2.204454443999566,0.086793070665934,0.0546490202837936,34.901078712868454,38.24051469678105,-0.0754861509436324,-0.152607192536692,,,0.1478457825050577
23,2580,3870,9984600,64,0,sample_100k,117,101,,,0,,749100858,2.815648870997393,0.1007932462179393,0.0698006949891895,35.00280973077232,38.56299236633553,0.0262448669602335,0.1698704770177883,,,0.1344229112833764
24,2580,3870,9984600,64,0,fixed_T25,25,240,,,0,,3865468307,17.171277528996143,0.5104332563278029,0.2819782605491153,30.64434499200361,34.557334443360155,-0.0107194107506991,-0.0078045719618629,,,0.1098489674098111
24,2580,3870,9984600,64,0,sklearn_tol,42,240,,,0,,4545922754,22.307963529005065,0.6002869432758937,0.366330387571908,30.649445217300133,34.560366234943125,-0.0056191854541758,-0.004772780378893,,,0.0817355727820844
24,2580,3870,9984600,64,0,fixed_T50,50,240,,,0,,4807475401,24.664463822999096,0.634824846242942,0.4050276745246023,30.6503997976857,34.56051235470814,-0.0046646050686085,-0.00462666061388,,,0.0732812531298199
24,2580,3870,9984600,64,0,auto,207,240,stable_drift,,13897,0.0149672591206735,7431263802,56.39051503299561,0.9812948599828708,0.9260172583910492,30.655050513117583,34.56531935019596,-1.3889636726105437e-05,0.0001803348739386,30.655050548329317,34.56533341058578,0.0009415499869799
24,2580,3870,9984600,64,0,v0.1.0,210,240,,,9397,0.0155368734702564,7447851178,56.81567371199708,0.9834852151153346,0.932999004773038,30.655051834208265,34.5652297752897,-1.256854604392288e-05,9.075996768359572e-05,30.655051770267427,34.565228232213755,0.0008606253630591
24,2580,3870,9984600,64,0,full,240,240,,True,0,,7572916261,60.89574953600095,1.0,1.0,30.65506440275431,34.56513901532202,0.0,0.0,,,0.0
24,2580,3870,9984600,64,0,sample_faiss,25,240,,,0,,645966604,2.398996032003197,0.0852995836394869,0.03939513102774,30.572462068978886,34.477682524496025,-0.0826023337754229,-0.0874564908259927,,,0.2086374015984616
24,2580,3870,9984600,64,0,sample_100k,104,240,,,0,,721886002,2.689343590001954,0.0953247041324969,0.0441630755921978,30.63886697216504,34.56646655418651,-0.0161974305892691,0.0013275388644942,,,0.1378198425575386
25,2580,3870,9984600,64,0,fixed_T25,25,66,,,0,,3002903667,12.217726098006096,0.7296865650313802,0.5683275012374699,34.02800684503452,36.54581896128224,-0.0114227797597905,-0.0262999183642023,,,0.0431371311820203
25,2580,3870,9984600,64,0,sklearn_tol,26,66,,,0,,3034723831,12.463920506004795,0.7374186632745088,0.5797796365688859,34.02841590857839,36.547245231150114,-0.0110137162159205,-0.0248736484963245,,,0.0411281373314905
25,2580,3870,9984600,64,0,fixed_T50,50,66,,,0,,3904433353,18.886425842014432,0.9487525667417704,0.878532970865221,34.03903545331924,36.568586840746896,-0.0003941714750723,-0.003532038899543,,,0.0032424934398974
25,2580,3870,9984600,64,0,auto,64,66,stable_drift,,15220,0.0045335085413929,4114143423,21.25849309401019,0.9997107850530706,0.9888735566076032,34.039429624758895,36.57211944942453,-3.5413449950283393e-11,5.697780949276421e-07,34.03942950680409,36.5721335883675,1.0015423752578973e-07
25,2580,3870,9984600,64,0,v0.1.0,66,66,,,0,,4115333639,21.497685879010533,1.0,1.0,34.03942962479431,36.57211887964644,0.0,0.0,,,0.0
25,2580,3870,9984600,64,0,full,66,66,,True,0,,4115333639,21.497685879010533,1.0,1.0,34.03942962479431,36.57211887964644,0.0,0.0,,,0.0
25,2580,3870,9984600,64,0,sample_faiss,25,66,,,0,,644219717,2.157337395998184,0.1565413095295333,0.1003520754810414,33.956969696655634,36.42359521567971,-0.0824599281386753,-0.1485236639667277,,,0.1143102377661598
25,2580,3870,9984600,64,0,sample_100k,60,66,,,0,,682907082,2.439344196998718,0.1659420941058723,0.1134700828139085,34.03908696644063,36.55528601351835,-0.0003426583536807,-0.0168328661280909,,,0.0610597319872603
26,5299,3533,18721367,64,0,fixed_T25,25,330,,,0,,7996173970,31.652621515997453,0.3501035444389022,0.2002988448088581,33.8196071955965,37.04999424495794,-0.0343328855350719,0.0584675332269739,,,0.0905629380589569
26,5299,3533,18721367,64,0,fixed_T50,50,330,,,0,,10806490131,48.72802119400876,0.4731500980345875,0.3083525435657408,33.83217027181185,37.00609434408038,-0.0217698093197213,0.0145676323494186,,,0.0604622515011857
26,5299,3533,18721367,64,0,sklearn_tol,58,330,,,0,,11525094164,53.561518046000856,0.5046133728389237,0.3389390728790226,33.83515616046588,37.0047732358106,-0.0187839206656903,0.0132465240796335,,,0.0514756214116202
26,5299,3533,18721367,64,0,auto,144,330,few_unstable,,18701,0.0072188653013207,18118351683,98.98412416600696,0.7932917877234291,0.6263748395957461,33.85289067117179,36.98845956973042,-0.0010494099597764,-0.003067142000539,33.852890559094334,36.98848156966312,0.0112063397934563
26,5299,3533,18721367,64,0,v0.1.0,144,330,,,18701,0.0072188653013207,18118351683,98.98412416600696,0.7932917877234291,0.6263748395957461,33.85289067386244,36.98845146142122,-0.0010494072691287,-0.0030752503097417,33.85289046968377,36.988474433637805,0.0112067136977764
26,5299,3533,18721367,64,0,full,330,330,,True,0,,22839454490,158.02697986702333,1.0,1.0,33.85394008113157,36.99152671173096,0.0,0.0,,,0.0
26,5299,3533,18721367,64,0,sample_faiss,25,330,,,0,,1204757531,4.361202307001804,0.0527489626132484,0.0275978336779686,33.758643103321006,37.04439643859999,-0.0952969778105625,0.0528697268690265,,,0.1533957429497536
26,5299,3533,18721367,64,0,sample_100k,102,330,,,0,,1271855430,4.848258702000749,0.0556867691632857,0.0306799427925564,33.83188024658809,36.99200532307276,-0.0220598345434765,0.0004786113417978,,,0.1744277007122396
27,2546,3300,8401800,64,0,fixed_T25,25,162,,,0,,2618383340,11.19353804900311,0.3962302083987463,0.2684428064202981,34.66711489450995,37.9660440920759,-0.0599110683055883,-0.1258481754910079,,,0.1168256802113832
27,2546,3300,8401800,64,0,sklearn_tol,44,162,,,0,,3461636563,16.706995255004585,0.5238365810707496,0.4006662302366012,34.688931077343184,38.05056650231101,-0.0380948854723541,-0.0413257652558982,,,0.0758924278130876
27,2546,3300,8401800,64,0,fixed_T50,50,162,,,0,,3659902915,18.64771960400685,0.5538394904122897,0.4472085735469696,34.692058056264734,38.064618483545125,-0.0349679065508041,-0.02727378402178,,,0.0686281511104763
27,2546,3300,8401800,64,0,auto,145,162,stable_drift,,12527,0.0095793086932226,6538169960,39.64922549903349,0.9893969329170964,0.950865518905321,34.72699952650078,38.09132002020504,-2.6436314762179336e-05,-0.0005722473618661,34.726998903027074,38.09131126787851,0.0004668047323192
27,2546,3300,8401800,64,0,v0.1.0,149,162,,,7644,0.0125588697017268,6560432560,40.1348903940343,0.9927658493407312,0.9625127073834492,34.727009819229174,38.09144973093845,-1.614358636459201e-05,-0.000442536628455,34.72700967183269,38.09145886682273,0.0002969601752005
27,2546,3300,8401800,64,0,full,162,162,,True,0,,6608237546,41.69803690502886,1.0,1.0,34.72702596281554,38.091892267566905,0.0,0.0,,,0.0
27,2546,3300,8401800,64,0,sample_faiss,25,162,,,0,,542900351,2.094758120001643,0.0821550901009332,0.050236372632425,34.611809027036514,37.84123099714553,-0.1152169357790242,-0.2506612704213751,,,0.2258549358470803
27,2546,3300,8401800,64,0,sample_100k,59,162,,,0,,580799391,2.092826129999594,0.0878902108099247,0.0501900397557371,34.697478617495825,38.03672737547177,-0.0295473453197132,-0.055164892095135,,,0.1439931919350615
28,5472,3648,19961856,64,0,fixed_T25,25,150,,,0,,4645745520,16.651861278012802,0.5045192679406472,0.2687243586921002,37.93997624541078,39.93057869474583,-0.0236620243290204,-0.062454099260897,,,0.020202129501385
28,5472,3648,19961856,64,0,sklearn_tol,47,150,,,0,,5740767784,25.98246843601009,0.6234366362367888,0.4192998038557873,37.948850478126126,39.949132751464944,-0.0147877916136778,-0.0439000425417788,,,0.0136583492036011
28,5472,3648,19961856,64,0,fixed_T50,50,150,,,0,,5811425704,26.958961774009367,0.6311099540969992,0.4350582552168641,37.94921317154248,39.94950783321109,-0.0144250981973286,-0.0435249607956294,,,0.0131075487169128
28,5472,3648,19961856,64,0,auto,103,150,few_unstable,,19562,0.0140578672937327,8417162018,48.58490367302875,0.9140880405905616,0.7840533177448006,37.96281612812684,39.99402641173054,-0.0008221416129643,0.0009936177238145,37.962798748639926,39.99425508065181,0.0018738738522109
28,5472,3648,19961856,64,0,v0.1.0,103,150,,,19562,0.0040895613945404,8417162018,48.58490367302875,0.9140880405905616,0.7840533177448006,37.96282554495306,39.99415506647293,-0.0008127247867406,0.0011222724662047,37.96282535911527,39.99417760409435,0.001864255508105
28,5472,3648,19961856,64,0,full,150,150,,True,0,,9208261835,61.96632623502592,1.0,1.0,37.9636382697398,39.99303279400672,0.0,0.0,,,0.0
28,5472,3648,19961856,64,0,sample_faiss,24,150,,,0,,1280725224,4.627523528000893,0.1390843621683353,0.0746780357843003,37.739410916525344,39.68295162637357,-0.2242273532144594,-0.3100811676331503,,,0.0511897290512465
28,5472,3648,19961856,64,0,sample_100k,44,150,,,0,,1308432099,4.920332481000514,0.1420932769338438,0.079403327257754,37.90787444625094,39.87658900029168,-0.05576382348886,-0.1164437937150424,,,0.0294919470413973
29,1334,2000,2668000,64,0,fixed_T25,25,245,,,0,,1153579657,4.498115460999543,0.3418947497378219,0.2168972831764976,30.55690160452029,33.11973844988169,-0.0340318032150932,0.0061039675647904,,,0.088781484257871
29,1334,2000,2668000,64,0,sklearn_tol,38,245,,,0,,1377474355,5.7734185959998285,0.4082520413871972,0.278391877436327,30.56448406957165,33.12298594003132,-0.0264493381637294,0.0093514577144233,,,0.0737679910044977
29,1334,2000,2668000,64,0,fixed_T50,50,245,,,0,,1496354226,6.715904838012648,0.4434853289176911,0.3238381775805172,30.56595989672999,33.12460118695371,-0.0249735110053954,0.0109667046368144,,,0.0702867316341829
29,1334,2000,2668000,64,0,auto,219,245,stable_drift,,3649,0.0054809536859413,3317315287,19.570449833987368,0.9831767342359748,0.9436790665641456,30.59087496929949,33.1138152416287,-5.843843589303788e-05,0.000180759311803,30.590874634328024,33.11380770515506,0.0012661169415292
29,1334,2000,2668000,64,0,v0.1.0,223,245,,,2352,0.002125850340136,3325815788,19.735966073989403,0.9856960892232144,0.951660191790765,30.590881606332918,33.11371122641478,-5.180140247063037e-05,7.674409788194225e-05,30.59088157929302,33.113717941471926,0.0010431034482758
29,1334,2000,2668000,64,0,full,245,245,,True,0,,3374078303,20.73845921499742,1.0,1.0,30.590933407735385,33.1136344823169,0.0,0.0,,,0.0
29,1334,2000,2668000,64,0,sample_faiss,25,245,,,0,,178862057,0.6355857030030165,0.0530106419999109,0.0306476819909253,30.464546487981163,33.03185992210314,-0.1263869197542213,-0.0817745602137591,,,0.2572533733133433
29,1334,2000,2668000,64,0,sample_100k,89,245,,,0,,245655089,1.071790415997384,0.0728065761786204,0.0516812943954051,30.555601488831226,33.08681028793374,-0.0353319189041627,-0.0268241943831597,,,0.1199662668665667
30,3280,2187,7173360,64,0,fixed_T25,25,440,,,0,,2880666554,12.349497378007072,0.3689873072208349,0.173206108870821,30.716864911537517,34.057168031398724,-0.0238739542415835,-0.0601940726201277,,,0.1693546678265136
30,3280,2187,7173360,64,0,sklearn_tol,42,440,,,0,,3378640856,15.965022578009666,0.4327733072023361,0.2239151403599961,30.728654016175927,34.09962649361685,-0.0120848496031698,-0.0177356104019992,,,0.1218452719506618
30,3280,2187,7173360,64,0,fixed_T50,50,440,,,0,,3513834291,17.28779193300943,0.4500903623350507,0.2424674527254447,30.730168798667293,34.104268788664655,-0.0105700671118036,-0.0130933153541974,,,0.1109770038029598
30,3280,2187,7173360,64,0,auto,350,440,stable_drift,,9935,0.0107700050327126,7499145994,61.81824337499711,0.9605727129159328,0.8670229293121705,30.74061155544615,34.116691650681645,-0.0001273103329459,-0.0006704533372072,30.740611433156584,34.11668016235469,0.0051454269686729
30,3280,2187,7173360,64,0,v0.1.0,357,440,,,6754,0.0031092685815812,7530015780,62.58513379699798,0.9645268530418724,0.8777788412217213,30.740625048095065,34.11696278712552,-0.0001138176840349,-0.0003993168933362,30.740625014549057,34.11695388108647,0.004683718647886
30,3280,2187,7173360,64,0,full,440,440,,True,0,,7806952970,71.29943313499098,1.0,1.0,30.740738865779097,34.11736210401885,0.0,0.0,,,0.0
30,3280,2187,7173360,64,0,sample_faiss,25,440,,,0,,465176600,1.680045467997843,0.0595849112691657,0.0235632373797,30.60173025125193,34.0533127969252,-0.1390086145271674,-0.0640493070936543,,,0.2943623350842562
30,3280,2187,7173360,64,0,sample_100k,93,440,,,0,,515169368,2.1676901069986343,0.0659885322711249,0.0304026275060918,30.720499828620863,34.10289381010777,-0.0202390371582339,-0.0144682939110794,,,0.1391289437585733
31,3281,2187,7175547,64,0,fixed_T25,25,99,,,0,,2548966752,9.73166054199828,0.667257551834208,0.4487694879494043,35.83609064479087,39.16329254240912,-0.0132671279715381,0.0250476756145943,,,0.0412138614658924
31,3281,2187,7175547,64,0,sklearn_tol,32,99,,,0,,2826768111,11.541507027995976,0.7399791966171824,0.5322294357438265,35.84127463877132,39.16340146427368,-0.0080831339910929,0.0251565974791461,,,0.0313170549924625
31,3281,2187,7175547,64,0,fixed_T50,50,99,,,0,,3394181643,15.26355946798867,0.8885142702672607,0.703869574691107,35.84883050556913,39.14221619571686,-0.0005272671932772,0.0039713289223328,,,0.0039566321564056
31,3281,2187,7175547,64,0,auto,61,99,stable_drift,,14382,0.0083437630371297,3563114875,16.944612496987247,0.932736885065714,0.781390292125069,35.84925475903502,39.13668883643441,-0.00010301372739,-0.0015560303601205,35.84925394647213,39.1366920472656,0.0007950613381809
31,3281,2187,7175547,64,0,v0.1.0,64,99,,,6157,0.0056845866493422,3588581745,17.31230836898976,0.939403492747335,0.7983463591279769,35.84927220606976,39.136454192935176,-8.556669264692118e-05,-0.0017906738593538,35.84927213636309,39.13645396084625,0.0006421810072458
31,3281,2187,7175547,64,0,full,99,99,,True,0,,3820064299,21.685209897994355,1.0,1.0,35.84935777276241,39.13824486679453,0.0,0.0,,,0.0
31,3281,2187,7175547,64,0,sample_faiss,25,99,,,0,,465895751,1.662465216999408,0.1219601856235666,0.0766635520163061,35.781865521705654,39.07502709203661,-0.0674922510567554,-0.0632177747579163,,,0.0960588788562042
31,3281,2187,7175547,64,0,sample_100k,85,99,,,0,,544781650,2.0833819420004147,0.1426105969322586,0.096073865634711,35.8402188091474,39.176469606581776,-0.0091389636150083,0.0382247397872461,,,0.1483645776412585
32,2759,2280,6290520,64,0,fixed_T25,25,214,,,0,,2079508227,7.767446487996494,0.4331714854143368,0.2483476780087339,35.06632431571995,37.21165673127566,-0.0254167458654848,-0.0370819841586822,,,0.0428923205076845
32,2759,2280,6290520,64,0,fixed_T50,50,214,,,0,,3010089337,12.740155191000667,0.6270159706072402,0.4073395245201156,35.08188350573798,37.23538326394523,-0.0098575558474607,-0.0133554514891116,,,0.0258016825318097
32,2759,2280,6290520,64,0,sklearn_tol,63,214,,,0,,3315431810,14.825743586992758,0.6906202645802966,0.4740218037256456,35.08436078395008,37.24279425140733,-0.0073802776353559,-0.00594446402701,,,0.0208353204504556
32,2759,2280,6290520,64,0,auto,117,214,stable_drift,,13484,0.0092702462177395,4256949928,22.10750938397905,0.8867429807221504,0.7068408685598364,35.091396792700635,37.25099329205749,-0.0003442688848025,0.0022545766231445,35.09139541561825,37.251062012284784,0.0024997933398192
32,2759,2280,6290520,64,0,v0.1.0,124,214,,,5847,0.0092355053873781,4316183270,22.80734322997523,0.8990815684743187,0.7292165760608357,35.09148272872805,37.25058999447111,-0.0002583328573848,0.0018512790367637,35.0914824386071,37.2505893791928,0.0020669197459033
32,2759,2280,6290520,64,0,full,214,214,,True,0,,4800658162,31.27650135598742,1.0,1.0,35.09174106158544,37.24873871543434,0.0,0.0,,,0.0
32,2759,2280,6290520,64,0,sample_faiss,25,214,,,0,,408006338,1.3684007440024288,0.0849896668814304,0.0437517204506785,34.92436419495739,37.0513140754162,-0.1673768666280466,-0.1974246400181414,,,0.1124401480322771
32,2759,2280,6290520,64,0,sample_100k,92,214,,,0,,465363554,1.799653711997962,0.0969374486364438,0.0575401222634975,35.0586954762221,37.212491416637896,-0.0330455853633395,-0.0362472987964466,,,0.0522314530436275
33,1560,2340,3650400,64,0,fixed_T25,25,139,,,0,,1417613792,5.548212212997896,0.4148307414586111,0.316602914391497,35.09794110808023,39.73643461928396,-0.0438885465636431,-0.0450260980406156,,,0.0450788954635108
33,1560,2340,3650400,64,0,sklearn_tol,42,139,,,0,,1873752981,7.927909270998498,0.5483089560816807,0.4523978326476542,35.12250489816861,39.68886544682344,-0.0193247564752638,-0.0925952705011283,,,0.0256111658996274
33,1560,2340,3650400,64,0,fixed_T50,50,139,,,0,,2047781902,8.951441655997769,0.5992343539164614,0.5108046353481139,35.12522210981797,39.69755809115986,-0.0166075448259022,-0.0839026261647077,,,0.0211396011396011
33,1560,2340,3650400,64,0,auto,104,139,few_unstable,,3277,0.0039670430271589,3303658956,15.571627784003796,0.9667367106455614,0.8885786175744248,35.14170901196748,39.77840892518042,-0.0001206426763928,-0.0030517921441486,35.14170839792813,39.77844476258533,0.0010807034845496
33,1560,2340,3650400,64,0,v0.1.0,104,139,,,3277,0.0033567287152883,3303658956,15.571627784003796,0.9667367106455614,0.8885786175744248,35.141709139650715,39.77842467617757,-0.0001205149931564,-0.0030360411469985,35.14170899819929,39.77841721786256,0.001080429541968
33,1560,2340,3650400,64,0,full,139,139,,True,0,,3417330613,17.524198170005548,1.0,1.0,35.14182965464387,39.78146071732457,0.0,0.0,,,0.0
33,1560,2340,3650400,64,0,sample_faiss,25,139,,,0,,240522626,0.8937104639990139,0.0703831888799458,0.0509986508557458,35.000306235346834,39.49912649699818,-0.1415234192970373,-0.2823342203263905,,,0.1586595989480604
33,1560,2340,3650400,64,0,sample_100k,65,139,,,0,,296372542,1.0339443759985445,0.0867263298647657,0.0590009520531584,35.087211204484404,39.8411001075428,-0.0546184501594666,0.0596393902182299,,,0.044022298926145
34,3291,2186,7194126,64,0,fixed_T25,25,149,,,0,,2499146106,9.347497742994165,0.4421358812512068,0.2950732092564151,32.70812117445236,34.510706280937185,-0.0296929036909077,-0.020049194406738,,,0.0879093582736805
34,3291,2186,7194126,64,0,fixed_T50,50,149,,,0,,3417823636,14.979201695976371,0.6046635135241124,0.4728496585991252,32.724499113108706,34.53777156251165,-0.01331496503456,0.0070160871677273,,,0.0480632393705642
34,3291,2186,7194126,64,0,sklearn_tol,81,149,,,0,,4527851296,21.90977532598845,0.801043811774396,0.6916276309744883,32.73612338708856,34.53383412179787,-0.0016906910547049,0.0030786464539431,,,0.0106181070501128
34,3291,2186,7194126,64,0,auto,125,149,stable_drift,,11310,0.0155614500442086,5497569778,29.24285198998041,0.9726013427948142,0.9231114488324998,32.737710840385354,34.532135693825055,-0.0001032377579122,0.0013802184811311,32.73771022772271,34.53216816191845,0.001578232018733
34,3291,2186,7194126,64,0,v0.1.0,130,149,,,6626,0.0042257772411711,5543435480,29.82492208997792,0.9807156633318528,0.9414857022574012,32.73773721342286,34.531906936954016,-7.686472040546732e-05,0.0011514616100924,32.73773719825215,34.53190530313848,0.0010903339752459
34,3291,2186,7194126,64,0,full,149,149,,True,0,,5652439017,31.678571451979224,1.0,1.0,32.737814078143266,34.53075547534392,0.0,0.0,,,0.0
34,3291,2186,7194126,64,0,sample_faiss,25,149,,,0,,466558956,1.7241311149991816,0.0825411746321897,0.0544257848752034,32.64605956817294,34.47649029011873,-0.0917545099703289,-0.0542651852251907,,,0.1391462979658682
34,3291,2186,7194126,64,0,sample_100k,137,149,,,0,,543066437,2.008107515001029,0.0960764787318712,0.063390090618356,32.74071059588665,34.54594987601203,0.0028965177433804,0.0151944006681077,,,0.0850245047139847
35,1560,2340,3650400,64,0,fixed_T25,25,107,,,0,,1562706238,5.822742353986541,0.6140828436055958,0.401445987489983,31.140172350695625,33.03200149074007,-0.0199556355576611,-0.0486604434337394,,,0.1038236905544597
35,1560,2340,3650400,64,0,fixed_T50,50,107,,,0,,2160887021,9.982109427994146,0.8491446532295117,0.6882114187674123,31.156993742276423,33.06598207716952,-0.0031342439768629,-0.0146798570042889,,,0.0372918036379574
35,1560,2340,3650400,64,0,sklearn_tol,51,107,,,0,,2174916179,10.086462239993123,0.8546575673195317,0.695405969910759,31.157188626961755,33.06657321850147,-0.0029393592915312,-0.0140887156723437,,,0.0357393710278325
35,1560,2340,3650400,64,0,auto,97,107,stable_drift,,5376,0.0171130952380952,2535694952,14.04968449299122,0.9964296095940424,0.9686482970262296,31.160126646526336,33.0807690880388,-1.3397269498227615e-06,0.0001071538649881,31.16012650266804,33.08075999517609,8.766162612316459e-05
35,1560,2340,3650400,64,0,v0.1.0,101,107,,,3013,0.0073016926651178,2542712670,14.24872986099217,0.9991873001441088,0.9823713779140076,31.160127952943725,33.080651506957764,-3.3309561331407174e-08,-1.042721604704866e-05,31.16012790339476,33.080661519691134,8.766162612316459e-06
35,1560,2340,3650400,64,0,full,107,107,,True,0,,2544780813,14.504422849990078,1.0,1.0,31.160127986253286,33.08066193417381,0.0,0.0,,,0.0
35,1560,2340,3650400,64,0,sample_faiss,25,107,,,0,,241299180,0.793225789002463,0.0948212037623532,0.0546885455013472,31.1013926511782,33.00436267990956,-0.0587353350750881,-0.0762992542642493,,,0.1903043502081963
35,1560,2340,3650400,64,0,sample_100k,119,107,,,0,,322207771,1.3846473500016143,0.1266151368927348,0.0954638019259457,31.169925713347748,33.09752781615217,0.0097977270944618,0.0168658819783615,,,0.1269288297172912
36,1560,2340,3650400,64,0,fixed_T25,25,140,,,0,,1336296546,4.661244441005692,0.4702542300352698,0.3236664439690266,35.83982936672705,38.018088778452544,-0.0432915821285249,-0.0467922876142168,,,0.0806396559281174
36,1560,2340,3650400,64,0,fixed_T50,50,140,,,0,,1912931747,7.762668156006839,0.673177109144087,0.5390224069056212,35.86378008326837,38.034578294574544,-0.0193408655872104,-0.0303027714922166,,,0.0376194389655928
36,1560,2340,3650400,64,0,sklearn_tol,69,140,,,0,,2375361696,9.918519259004825,0.83591017933212,0.6887199113092975,35.8788252156324,38.06304072267143,-0.0042957332231807,-0.0018403433953295,,,0.0123268682884067
36,1560,2340,3650400,64,0,auto,98,140,few_unstable,,3333,0.0174017401740174,2706027224,12.263573538017226,0.9522742182382312,0.8515552633292683,35.88302629838684,38.064704251368575,-9.465046873913252e-05,-0.0001768146981859,35.88302544342311,38.06476205396233,0.0007925158886697
36,1560,2340,3650400,64,0,v0.1.0,98,140,,,3333,0.0174017401740174,2706027224,12.263573538017226,0.9522742182382312,0.8515552633292683,35.883026385661346,38.06470310647465,-9.456319423151172e-05,-0.0001779595921078,35.88302518449008,38.06475234661831,0.0007922419460881
36,1560,2340,3650400,64,0,full,140,140,,True,0,,2841647051,14.401383053016616,1.0,1.0,35.88312094885558,38.06488106606676,0.0,0.0,,,0.0
36,1560,2340,3650400,64,0,sample_faiss,25,140,,,0,,239758302,0.8470629080002254,0.0843730054074192,0.0588181638445339,35.76575563347123,37.97825974232981,-0.1173653153843474,-0.0866213237369493,,,0.1664286105632259
36,1560,2340,3650400,64,0,sample_100k,66,140,,,0,,289439354,1.0724844569995184,0.1018561942441598,0.0744709347047656,35.81360636919699,38.005505886674776,-0.0695145796585876,-0.059375179391985,,,0.1590324348016655
37,3281,2187,7175547,64,0,fixed_T25,25,117,,,0,,2181454220,9.350617115993373,0.4773421458676898,0.3436334313983363,36.91635285070997,40.56492330242925,-0.0603033732055635,0.0988069037717309,,,0.1002135446956169
37,3281,2187,7175547,64,0,sklearn_tol,50,117,,,0,,3482258817,16.82727952298228,0.7619820214120574,0.6183993774797033,36.96782594031716,40.46425299825814,-0.0088302835983782,-0.0018634003993796,,,0.0294450025900464
37,3281,2187,7175547,64,0,fixed_T50,50,117,,,0,,3482258817,16.82727952298228,0.7619820214120574,0.6183993774797033,36.96782594031716,40.46425299825814,-0.0088302835983782,-0.0018634003993796,,,0.0294450025900464
37,3281,2187,7175547,64,0,auto,88,117,stable_drift,,14965,0.0037420648179084,4305783573,23.497999352977786,0.9421843243529854,0.8635470844858584,36.97616527569352,40.46998729690142,-0.0004909482220156,0.0038708982439032,36.97616469397814,40.47001917454484,0.0029916882991638
37,3281,2187,7175547,64,0,v0.1.0,92,117,,,5952,0.0241935483870967,4334541969,23.956641777971527,0.948477188229062,0.8804021078848899,36.97618892030122,40.47003197035217,-0.0004673036143145,0.0039155716946481,36.97618519943413,40.47006525822988,0.0028512112038287
37,3281,2187,7175547,64,0,full,117,117,,True,0,,4570001285,27.21102273996803,1.0,1.0,36.97665622391553,40.46611639865752,0.0,0.0,,,0.0
37,3281,2187,7175547,64,0,sample_faiss,25,117,,,0,,464230238,1.7081988860009003,0.1015820804085397,0.0627759898010694,36.8647985313536,40.58960049851956,-0.1118576925619336,0.1234840998620399,,,0.1977035339605468
37,3281,2187,7175547,64,0,sample_100k,72,117,,,0,,513073892,2.013924145998317,0.1122699666812019,0.0740113359664438,36.94215904705037,40.433960072047405,-0.034497176865166,-0.0321563266101136,,,0.1114698294081273
38,3280,2187,7173360,64,0,fixed_T25,25,205,,,0,,3002909620,12.324972944014007,0.3552656787772618,0.245960042685616,34.45838177935637,37.98741012637167,-0.0470318438555139,-0.0298866561707953,,,0.1323956974137642
38,3280,2187,7173360,64,0,sklearn_tol,29,205,,,0,,3164600627,13.452807255012884,0.374394880992157,0.2684673679783921,34.46355751668081,37.98178170361392,-0.0418561065310782,-0.0355150789285474,,,0.1182415214069836
38,3280,2187,7173360,64,0,fixed_T50,50,205,,,0,,4095026487,19.33336007600883,0.4844709127525859,0.3858210554418328,34.47719124194103,37.952072479768994,-0.0282223812708579,-0.0652243027734726,,,0.0719506618934502
38,3280,2187,7173360,64,0,auto,183,205,stable_drift,,12092,0.0101720145550777,8275411279,47.32710078103628,0.9790403232964912,0.944470692241457,34.505267775260215,38.018095667245134,-0.0001458479516713,0.000798884702668,34.50526736685714,38.01806506989714,0.0012561756275998
38,3280,2187,7173360,64,0,v0.1.0,193,205,,,7012,0.0098402738163148,8405410864,48.82133184403938,0.9944202036958844,0.9742899168115938,34.50540431238943,38.01734731279836,-9.310822456143342e-06,5.053025589063509e-05,34.50540401794834,38.01731413556596,0.0002967925769792
38,3280,2187,7173360,64,0,full,205,205,,True,0,,8452574508,50.1096552490344,1.0,1.0,34.505413623211886,38.01729678254247,0.0,0.0,,,0.0
38,3280,2187,7173360,64,0,sample_faiss,25,205,,,0,,466196178,1.6772066340017773,0.0551543411488139,0.0334707278600584,34.3854793573769,37.99438229815158,-0.1199342658349849,-0.0229144843908883,,,0.1669276322392853
38,3280,2187,7173360,64,0,sample_100k,152,205,,,0,,560610530,2.214033805001236,0.0663242340507506,0.0441837764398488,34.48817752422601,38.07738728652703,-0.0172360989858759,0.0600905039845613,,,0.1971433191698172
39,3281,2187,7175547,64,0,fixed_T25,25,346,,,0,,4901053896,16.331908656015003,0.2978056554514902,0.1971598418253614,34.434218506373135,38.30168081282864,-0.0892946823470595,-0.0204926762820605,,,0.1891132480910514
39,3281,2187,7175547,64,0,fixed_T50,50,346,,,0,,6687258992,24.56878745501308,0.4063418990172296,0.2965959674705429,34.46672372817637,38.34952443049602,-0.0567894605438255,0.0273509413853147,,,0.1481166522914559
39,3281,2187,7175547,64,0,sklearn_tol,81,346,,,0,,8294101007,32.721842006027146,0.5039793969183685,0.3950201614534951,34.48243037976922,38.40598883280446,-0.0410828089509749,0.0838153436937574,,,0.1179935132471433
39,3281,2187,7175547,64,0,auto,190,346,stable_drift,,7605,0.0039447731755424,13738968867,60.54263474207983,0.8348291439936765,0.730874543866793,34.51957891673809,38.37711051342518,-0.0039342719821036,0.0549370243144764,34.51957857158525,38.37709758785208,0.0167620670591384
39,3281,2187,7175547,64,0,v0.1.0,191,346,,,7156,0.0025153717160424,13747432137,60.66064292607916,0.8353434027068218,0.732299146182508,34.51958796592442,38.37667606800344,-0.0039252227957717,0.0545025788927304,34.5195879125184,38.37671320734565,0.0167145445497047
39,3281,2187,7175547,64,0,full,346,346,,True,0,,16457222374,82.83587826410076,1.0,1.0,34.523513188720194,38.3221734891107,0.0,0.0,,,0.0
39,3281,2187,7175547,64,0,sample_faiss,25,346,,,0,,467160997,1.7167770930027473,0.0283863817589319,0.0207250424451256,34.30003498063805,38.08870217790916,-0.2234782080821418,-0.2334713112015478,,,0.2374404348546528
39,3281,2187,7175547,64,0,sample_100k,109,346,,,0,,589881194,2.3230434709985275,0.0358433021438615,0.0280439287864143,34.44349910172373,38.12073279124508,-0.0800140869964636,-0.2014406978656282,,,0.2415879932219801
40,3280,2187,7173360,64,0,fixed_T25,25,233,,,0,,2248634068,8.618617250005627,0.3552419716225865,0.2035591572726747,32.59939080717003,34.581408309030394,-0.0319664953769347,-0.0526810738509198,,,0.0779949702789209
40,3280,2187,7173360,64,0,sklearn_tol,39,233,,,0,,2656079405,11.284105620994524,0.4196106863477203,0.2665141012943808,32.606187793305665,34.59072062281717,-0.0251695092413015,-0.0433687600641405,,,0.0607423857160382
40,3280,2187,7173360,64,0,fixed_T50,50,233,,,0,,2970517315,13.386204893999093,0.4692859735324582,0.3161626173038407,32.60986746361654,34.59657315793444,-0.0214898389304281,-0.0375162249468772,,,0.0505308530451559
40,3280,2187,7173360,64,0,auto,124,233,stable_drift,,16254,0.0110741971207087,4139368684,24.553510933990765,0.6539425482799148,0.5799180830086522,32.616373260926565,34.61612176295447,-0.0149840416204014,-0.0179676199268428,32.61637272309428,34.6161195153882,0.0213910914829312
40,3280,2187,7173360,64,0,v0.1.0,134,233,,,7062,0.0062305295950155,4233159020,25.88229731899628,0.6687596607456257,0.6113020775498821,32.61645180974699,34.617253326378005,-0.0149054927999756,-0.0168360565033083,32.616451748839104,34.61725214583227,0.0206560105724514
40,3280,2187,7173360,64,0,full,233,233,,True,0,,6329865972,42.33961942798123,1.0,1.0,32.63135730254697,34.634089382881314,0.0,0.0,,,0.0
40,3280,2187,7173360,64,0,sample_faiss,25,233,,,0,,463739427,1.8171408269990932,0.0732621241984173,0.0429182135207901,32.530229435587145,34.471053225290625,-0.1011278669598212,-0.1630361575906889,,,0.1230658993832736
40,3280,2187,7173360,64,0,sample_100k,77,233,,,0,,500764289,1.8372800359975368,0.0791113573676153,0.0433938722364453,32.59264917394374,34.57687557792474,-0.0387081286032255,-0.0572138049565751,,,0.073696705588455
41,1707,2273,3880011,64,0,fixed_T25,25,260,,,0,,1525754717,5.735884077006631,0.3866172392288866,0.2165191056587189,31.9623424855433,34.70258714424641,-0.0481554786720828,-0.0056276426659849,,,0.1827525746705357
41,1707,2273,3880011,64,0,fixed_T50,50,260,,,0,,2060158724,9.02749368500008,0.522032060180867,0.3407713323306918,31.985993134587854,34.707811797224025,-0.0245048296275243,-0.0004029896883679,,,0.1146751903538417
41,1707,2273,3880011,64,0,sklearn_tol,102,260,,,0,,2977639911,15.155716979028512,0.7545163773585551,0.5721005239750979,32.006712998237454,34.711986832579555,-0.0037849659779283,0.0037720456671621,,,0.0368151018128556
41,1707,2273,3880011,64,0,auto,213,260,stable_drift,,6021,0.0041521341969772,3842799897,23.89208570301344,0.9737428110387352,0.9018824228814613,32.01043288015833,34.708923434061546,-6.508405704863662e-05,0.0007086471491533,32.010432963588535,34.70891932277159,0.0017177786351636
41,1707,2273,3880011,64,0,v0.1.0,222,260,,,3733,0.006161264398607,3875998707,24.424799135013014,0.982155193530412,0.9219913780696088,32.01046990855974,34.70884031564844,-2.8055655640457644e-05,0.0006255287360446,32.010469847291446,34.708856771031165,0.0008768016379335
41,1707,2273,3880011,64,0,full,260,260,,True,0,,3946421841,26.49135308201221,1.0,1.0,32.01049796421538,34.70821478691239,0.0,0.0,,,0.0
41,1707,2273,3880011,64,0,sample_faiss,25,260,,,0,,254815117,0.871287221001694,0.0645686465528559,0.0328894948591094,31.900388132682124,34.62720203008693,-0.1101098315332578,-0.0810127568254657,,,0.26731805657252
41,1707,2273,3880011,64,0,sample_100k,175,260,,,0,,336788419,1.393774765998387,0.085340197416569,0.0526124415647447,31.977828716805647,34.640221431303736,-0.0326692474097356,-0.0679933556086567,,,0.0939974139248574
42,3286,2187,7186482,64,0,fixed_T25,25,449,,,0,,2854930085,9.97588425298818,0.1741885723240831,0.1121794481091007,40.11314938047717,43.10475950943371,-0.0341137284875685,-0.0330346018605993,,,0.0255830321428481
42,3286,2187,7186482,64,0,fixed_T50,50,449,,,0,,4366032386,16.92495531098757,0.266385839721203,0.1903221907861514,40.12578188387273,43.08377956801196,-0.0214812250920033,-0.0540145432823493,,,0.0183419369866925
42,3286,2187,7186482,64,0,sklearn_tol,67,449,,,0,,5219486947,21.053772919978652,0.3184578789999047,0.2367510054128868,40.13096721725572,43.08955554737765,-0.0162958917090207,-0.0482385639166622,,,0.0172405636026083
42,3286,2187,7186482,64,0,auto,70,449,few_unstable,,7038,0.0079568059107701,5318918016,21.73497695197875,0.3245244919950062,0.2444111877507657,40.131204964832,43.08931029625903,-0.0160581441327423,-0.0484838150352828,40.13120491990186,43.089259783411805,0.0170443619005794
42,3286,2187,7186482,64,0,v0.1.0,70,449,,,7038,0.0058255186132423,5318918016,21.73497695197875,0.3245244919950062,0.2444111877507657,40.131216029471766,43.08906289723805,-0.0160470794929707,-0.0487312140562607,40.13121536965711,43.08905219712226,0.01704269209886
42,3286,2187,7186482,64,0,full,449,449,,True,0,,16389881649,88.92791345600199,1.0,1.0,40.14726310896474,43.13779411129431,0.0,0.0,,,0.0
42,3286,2187,7186482,64,0,sample_faiss,25,449,,,0,,466276616,1.7604668790008873,0.0284490532625932,0.0197965611761699,39.96396737470568,43.13665875838201,-0.1832957342590546,-0.0011353529122999,,,0.1155763000589161
42,3286,2187,7186482,64,0,sample_100k,38,449,,,0,,505555887,1.8627240880014144,0.0308456093720997,0.0209464499459218,40.107760265030834,43.052361022891965,-0.0395028439339029,-0.0854330884023468,,,0.0450319085193562
43,1562,2334,3645708,64,0,fixed_T25,25,297,,,0,,1438590163,5.869055962004495,0.3170884369713897,0.1986215465536055,32.73325253306876,36.40137407403079,-0.0550285355643822,-0.0280520118271496,,,0.1043007284181837
43,1562,2334,3645708,64,0,fixed_T50,50,297,,,0,,2026137362,9.132906014998298,0.4465933006702443,0.3090772909597789,32.75554187406581,36.39737657779158,-0.0327391945673269,-0.0320495080663576,,,0.0785751354743715
43,1562,2334,3645708,64,0,sklearn_tol,52,297,,,0,,2059854086,9.332085391000874,0.4540250095668633,0.3158179518018851,32.75608478090379,36.39687559355503,-0.0321962877293486,-0.03255049230291,,,0.0776691386145023
43,1562,2334,3645708,64,0,auto,228,297,stable_drift,,5882,0.0059503570214212,4344255156,25.91995976400358,0.9575437901982518,0.8771874945924525,32.78800637176296,36.43086867100693,-0.0002746968701785,0.001442585148986,32.788006477762444,36.43084378073448,0.0043083538231805
43,1562,2334,3645708,64,0,v0.1.0,232,297,,,3548,0.0064825253664036,4351830553,26.12615411000297,0.9592135296806618,0.884165557190278,32.78801563764286,36.43019335751821,-0.0002654309902823,0.0007672716602726,32.78801562568149,36.43013561978721,0.0041037296459288
43,1562,2334,3645708,64,0,full,297,297,,True,0,,4536873614,29.548938993990305,1.0,1.0,32.78828106863314,36.42942608585794,0.0,0.0,,,0.0
43,1562,2334,3645708,64,0,sample_faiss,25,297,,,0,,239615413,0.8388839500003087,0.052815095457054,0.0283896470926053,32.70697280733881,36.23861429669142,-0.0813082612943318,-0.1908117891665171,,,0.202738398138304
43,1562,2334,3645708,64,0,sample_100k,67,297,,,0,,293315353,1.2460839090017544,0.0646514269418658,0.0421701743421374,32.734584209649455,36.40039938730321,-0.0536968589836845,-0.0290266985547305,,,0.1253808588071233
44,1567,2312,3622904,64,0,sklearn_tol,24,44,,,0,,1431362966,5.310240192011406,0.8944757248461341,0.771062424711162,38.54362855889438,41.12669944076131,-0.0007632919475497,0.0053232432687622,,,0.0024640454177091
44,1567,2312,3622904,64,0,fixed_T25,25,44,,,0,,1449926525,5.423722857009125,0.9060763134366376,0.7875404399556442,38.54379877730948,41.12594577235435,-0.0005930735324568,0.0045695748618044,,,0.0020900360594705
44,1567,2312,3622904,64,0,auto,39,44,few_unstable,,3338,0.0128819652486518,1585943040,6.606803170998319,0.9910746498024746,0.959327165705806,38.54436741306996,41.12205483827675,-2.4437771976693057e-05,0.0006786407842085,38.544366613208105,41.12203769309932,0.0001551241766273
44,1567,2312,3622904,64,0,v0.1.0,39,44,,,3338,0.0080886758538046,1585943040,6.606803170998319,0.9910746498024746,0.959327165705806,38.5443680577799,41.12215591094338,-2.379306203437181e-05,0.0007797134508322,38.54436687038907,41.1221459124566,0.0001509838516284
44,1567,2312,3622904,64,0,fixed_T50,44,44,,,0,,1600225614,6.886913460995856,1.0,1.0,38.54439185084193,41.12137619749255,0.0,0.0,,,0.0
44,1567,2312,3622904,64,0,full,44,44,,True,0,,1600225614,6.886913460995856,1.0,1.0,38.54439185084193,41.12137619749255,0.0,0.0,,,0.0
44,1567,2312,3622904,64,0,sample_faiss,25,44,,,0,,238387721,0.9260871709993808,0.1489713193654704,0.1344705688904456,38.44786286463268,41.01708550218113,-0.0965289862092575,-0.1042906953114126,,,0.11630228126387
44,1567,2312,3622904,64,0,sample_100k,37,44,,,0,,274565733,1.0745115419995273,0.1715793889298412,0.1560222221587421,38.53588209670544,41.1378499554015,-0.0085097541364973,0.0164737579089546,,,0.0443519894537641
45,1558,2352,3664416,64,0,fixed_T25,25,125,,,0,,1814148884,6.551923706003436,0.5651652226894811,0.4073760969921625,36.85190410236015,39.36164144265211,-0.0073105111529656,-0.0088643832210308,,,0.0138911630120597
45,1558,2352,3664416,64,0,fixed_T50,50,125,,,0,,2493928830,10.15004300000146,0.7769383510965834,0.6310947879100727,36.8579087443504,39.37050765677877,-0.0013058691627136,1.8309056315501948e-06,,,0.0046798725908848
45,1558,2352,3664416,64,0,sklearn_tol,55,125,,,0,,2586596353,10.733358739002142,0.8058072392756518,0.6673633556973411,36.85854409328957,39.37254879171686,-0.0006705202235437,0.0020429658437208,,,0.0026023246268982
45,1558,2352,3664416,64,0,auto,65,125,few_unstable,,3514,0.0170745589072282,2700427296,11.532772218004538,0.8412692075942061,0.7170681382271685,36.85879641944739,39.374665375641854,-0.0004181940657232,0.0041595497687154,36.8587949352185,39.3747257413654,0.0018982560931946
45,1558,2352,3664416,64,0,v0.1.0,65,125,,,3514,0.0088218554354012,2700427296,11.532772218004538,0.8412692075942061,0.7170681382271685,36.85879676841282,39.37462040904534,-0.0004178451002871,0.0041145831722033,36.85879661580505,39.374682537670026,0.0018977103036336
45,1558,2352,3664416,64,0,full,125,125,,True,0,,3209944298,16.083230593005283,1.0,1.0,36.85921461351311,39.37050582587314,0.0,0.0,,,0.0
45,1558,2352,3664416,64,0,sample_faiss,25,125,,,0,,240924033,0.829650802003016,0.0750555182998381,0.0515848353479329,36.7135622031701,39.19546776542091,-0.1456524103430112,-0.1750380604522305,,,0.1349991376524936
45,1558,2352,3664416,64,0,sample_100k,60,125,,,0,,292454497,1.21720530300081,0.0911089009183797,0.0756816421901071,36.80895856877878,39.35696444020567,-0.0502560447343327,-0.0135413856674659,,,0.1245330770305554
46,1560,2340,3650400,64,0,fixed_T25,25,109,,,0,,1053049260,4.054537983000046,0.4468723374213587,0.3303647291102662,34.563583916607755,37.47468341487921,-0.047668927929628,-0.0349191318079391,,,0.0400523230330922
46,1560,2340,3650400,64,0,fixed_T50,50,109,,,0,,1722213983,7.269372967999516,0.7308393038735511,0.5923102561731816,34.59847605868175,37.49990393958865,-0.0127767858556353,-0.0096986070984996,,,0.0200947841332456
46,1560,2340,3650400,64,0,sklearn_tol,64,109,,,0,,1997738839,8.906239714000549,0.8477611242434768,0.725682551956217,34.60790370268353,37.50298074626213,-0.0033491418538531,-0.006621800425016,,,0.0095219701950471
46,1560,2340,3650400,64,0,auto,86,109,stable_drift,,6340,0.0003154574132492,2217530789,10.670087541988323,0.941032109916928,0.8694012968115186,34.610619894247975,37.506547866004894,-0.0006329502894075,-0.0030546806822542,34.610619894247975,37.506547866004894,0.0028059938636861
46,1560,2340,3650400,64,0,v0.1.0,104,109,,,2994,0.0006680026720106,2348262704,11.969154320981032,0.9965095492454742,0.975249570113554,34.61124833929189,37.50971075839082,-4.50524549222564e-06,0.0001082117036688,34.61124833929189,37.50971075839082,7.369055445978523e-05
46,1560,2340,3650400,64,0,full,109,109,,True,0,,2356487909,12.272914223984117,1.0,1.0,34.61125284453738,37.50960254668715,0.0,0.0,,,0.0
46,1560,2340,3650400,64,0,sample_faiss,25,109,,,0,,238940730,0.8654565800025011,0.1013969683813896,0.0705176100971355,34.53911693495362,37.49052055949911,-0.0721359095837641,-0.0190819871880378,,,0.1160193403462634
46,1560,2340,3650400,64,0,sample_100k,95,109,,,0,,289664939,1.0989891110002643,0.1229223107378141,0.0895458968378174,34.578392771696954,37.46259023177654,-0.0328600728404282,-0.04701231491061,,,0.0981325334209949
47,1706,2274,3879444,64,0,fixed_T25,25,76,,,0,,1352227078,4.914145546994405,0.7650632177035573,0.5688022137597641,35.03866072079714,38.795558070690966,-0.0040280052319658,-0.0136670089180199,,,0.0148621812816475
47,1706,2274,3879444,64,0,sklearn_tol,30,76,,,0,,1444181466,5.432156750990544,0.8170891836894576,0.6287609424477201,35.04076836193469,38.8020862821857,-0.0019203640944169,-0.0071387974232877,,,0.0071523135789561
47,1706,2274,3879444,64,0,fixed_T50,50,76,,,0,,1659128876,7.167800380993867,0.9387021581721692,0.8296581136045124,35.04257493614451,38.809026975152776,-0.0001137898845939,-0.00019810445621,,,0.0008075899536119
47,1706,2274,3879444,64,0,auto,53,76,stable_drift,,5208,0.0247695852534562,1688541365,7.39999610999439,0.955343160146699,0.8565342904328195,35.04263667538379,38.80898714245119,-5.205064531565995e-05,-0.0002379371577987,35.042636129811136,38.808956223070616,0.0005498210568318
47,1706,2274,3879444,64,0,v0.1.0,55,76,,,3351,0.003282602208296,1698922188,7.521259073997498,0.961216423577082,0.8705702284636385,35.04264767554711,38.80899046438414,-4.105048199676276e-05,-0.0002346152248478,35.042647464692834,38.80902944723546,0.0004753258456624
47,1706,2274,3879444,64,0,full,76,76,,True,0,,1767471036,8.63946276599745,1.0,1.0,35.042688726029105,38.809225079608986,0.0,0.0,,,0.0
47,1706,2274,3879444,64,0,sample_faiss,24,76,,,0,,252849367,0.8293617380004434,0.1430571488018432,0.0959969109728191,34.92975442422585,38.70952043048095,-0.1129343018032571,-0.0997046491280357,,,0.1062513081771511
47,1706,2274,3879444,64,0,sample_100k,96,76,,,0,,308001782,1.141071876998467,0.1742612895637855,0.1320767167941752,35.04127827929473,38.80198046646751,-0.0014104467343756,-0.0072446131414807,,,0.043313423263746
48,3281,2187,7175547,64,0,fixed_T25,25,99,,,0,,3856999132,14.504499796992604,0.6032296784431677,0.4720121450974473,35.32561143605876,39.72142120843792,-0.0414199022367256,0.1245614565172417,,,0.1406606353494723
48,3281,2187,7175547,64,0,fixed_T50,50,99,,,0,,5367842801,22.372977957998955,0.8395236752624455,0.728071802956114,35.35755067447669,39.62755784878755,-0.0094806638187918,0.030698096866871,,,0.0612293390315748
48,3281,2187,7175547,64,0,sklearn_tol,56,99,,,0,,5584294694,23.783472195002105,0.8733764715282044,0.7739727591954657,35.359969751135985,39.62660633678701,-0.0070615871594981,0.0297465848663307,,,0.049119042771234
48,3281,2187,7175547,64,0,auto,91,99,stable_drift,,30353,0.011893387803512,6375489779,29.948729054995056,0.9971183600732716,0.9746054012232456,35.3670281259815,39.59672865602066,-3.2123139845907644e-06,-0.0001310959000235,35.36702690548961,39.596778673139,0.0001449366856631
48,3281,2187,7175547,64,0,v0.1.0,99,99,,,0,,6393914739,30.729081756991945,1.0,1.0,35.36703133829548,39.59685975192068,0.0,0.0,,,0.0
48,3281,2187,7175547,64,0,full,99,99,,True,0,,6393914739,30.729081756991945,1.0,1.0,35.36703133829548,39.59685975192068,0.0,0.0,,,0.0
48,3281,2187,7175547,64,0,sample_faiss,25,99,,,0,,466839421,1.6701957829973253,0.0730130819781643,0.0543522841393494,35.22482929716697,39.77422019418745,-0.1422020411285132,0.1773604422667674,,,0.2204800553881118
48,3281,2187,7175547,64,0,sample_100k,106,99,,,0,,557578569,2.257095790999301,0.0872045674301882,0.0734514558179315,35.326424085409435,39.79439613936353,-0.0406072528860477,0.1975363874428453,,,0.1669867119538064
49,1560,2340,3650400,64,0,fixed_T25,25,102,,,0,,1721020216,7.289603779998288,0.6102393001726006,0.4810643099069326,34.61232465330796,39.6224360467753,-0.014689364799878,-0.045862231876903,,,0.0467340565417488
49,1560,2340,3650400,64,0,fixed_T50,50,102,,,0,,2325587379,10.633223185013776,0.8246067079616411,0.701720467663916,34.62437546073862,39.64810666572612,-0.0026385573692166,-0.0201916129260837,,,0.0124997260574183
49,1560,2340,3650400,64,0,sklearn_tol,54,102,,,0,,2396522049,11.071611045008469,0.849758721271155,0.7306510871742089,34.62543738921664,39.6548788390046,-0.0015766288912004,-0.013419439647599,,,0.0071416831032215
49,1560,2340,3650400,64,0,auto,72,102,stable_drift,,8484,0.007072135785007,2642613948,12.999820085013198,0.9370179799525804,0.8578997798578054,34.62681162000739,39.66111421037274,-0.0002023981004484,-0.0071840682794643,34.626810072485505,39.66109736560337,0.0011746657900504
49,1560,2340,3650400,64,0,v0.1.0,78,102,,,3574,0.0036373810856183,2697560299,13.492450646012005,0.95650085555715,0.8904100490052475,34.6269097246033,39.66454933883351,-0.0001042935045347,-0.003748939818692,34.62690958211868,39.66452935418137,0.000683486741179
49,1560,2340,3650400,64,0,full,102,102,,True,0,,2820238250,15.153075441012334,1.0,1.0,34.62701401810784,39.6682982786522,0.0,0.0,,,0.0
49,1560,2340,3650400,64,0,sample_faiss,25,102,,,0,,240979711,0.9579090989973338,0.0854465792030159,0.0632154906590591,34.46892377644903,39.40760016682047,-0.1580902416588046,-0.2606981118317293,,,0.1911302870918255
49,1560,2340,3650400,64,0,sample_100k,45,102,,,0,,293804377,1.1371057460019074,0.1041771477994811,0.0750412515550665,34.601708440582925,39.565335652687885,-0.0253055775249109,-0.1029626259643166,,,0.0791425597194828
50,1225,2280,2793000,64,0,fixed_T25,25,73,,,0,,987522964,3.659197433000372,0.7414847563721145,0.5584768371711759,31.95222541218225,34.33688366737221,-0.006358762003046,-0.0254256257509553,,,0.0194704618689581
50,1225,2280,2793000,64,0,sklearn_tol,40,73,,,0,,1218352721,5.009938122999301,0.9148040131105122,0.7646306187588711,31.957989200170243,34.36112199935686,-0.0005949740150548,-0.0011872937663071,,,0.0034958825635517
50,1225,2280,2793000,64,0,fixed_T50,50,73,,,0,,1283715837,5.611184410008718,0.9638821165165028,0.8563944907220754,31.958568332499908,34.363178937266376,-1.5841685389261784e-05,0.0008696441432078,,,0.0002545649838882
50,1225,2280,2793000,64,0,auto,53,73,stable_drift,,4915,0.0115971515768056,1292553814,5.763200239012804,0.9705181396385608,0.8795955671702911,31.958573680445745,34.362908468297555,-1.0493739555528236e-05,0.0005991751743863,31.95857322392166,34.36291958937378,0.0001525241675617
50,1225,2280,2793000,64,0,v0.1.0,56,73,,,2330,0.0103004291845493,1302048096,5.899910831012676,0.9776469514559416,0.900460715997553,31.95857895112831,34.362797475555745,-5.2230569878020106e-06,0.0004881824325764,31.95857880258078,34.362821572550295,9.094163981382026e-05
50,1225,2280,2793000,64,0,full,73,73,,True,0,,1331818295,6.552102414014371,1.0,1.0,31.958584174185297,34.36230929312317,0.0,0.0,,,0.0
50,1225,2280,2793000,64,0,sample_faiss,25,73,,,0,,184644914,0.6595872199977748,0.1386412205728109,0.1006680265844098,31.85592748272264,34.30151897809279,-0.1026566914626556,-0.0607903150303812,,,0.1607482993197279
50,1225,2280,2793000,64,0,sample_100k,58,73,,,0,,222892423,0.8924846949994389,0.1673594842755933,0.1362134836431269,31.946920902694416,34.35479310766135,-0.0116632714908817,-0.0075161854618173,,,0.0490132474042248
