image,height,width,n,k,seed,T,n_dist,seconds,psnr,changed,T_full,psnr_full
1,1707,2273,3880011,64,0,1,344955431,0.452014632999635,36.78067840873119,249277,153,37.07384481597246
1,1707,2273,3880011,64,0,2,420102083,0.7446048999991035,36.84110129942353,128851,153,37.07384481597246
1,1707,2273,3880011,64,0,3,496314102,1.0214234669983853,36.87541831845218,118932,153,37.07384481597246
1,1707,2273,3880011,64,0,5,615284208,1.554213974992308,36.91500003763463,42976,153,37.07384481597246
1,1707,2273,3880011,64,0,7,723825968,2.0340698449908814,36.94061081537093,24977,153,37.07384481597246
1,1707,2273,3880011,64,0,10,855144872,2.596966666991648,36.96701874794584,16649,153,37.07384481597246
1,1707,2273,3880011,64,0,15,1045259647,3.4840356139866344,37.0036796960236,15678,153,37.07384481597246
1,1707,2273,3880011,64,0,20,1220992161,4.333748493987514,37.02888711535834,11314,153,37.07384481597246
1,1707,2273,3880011,64,0,25,1380364819,5.099225281985127,37.04498830257408,9568,153,37.07384481597246
1,1707,2273,3880011,64,0,30,1545723656,5.951462535984319,37.05618720074106,6776,153,37.07384481597246
1,1707,2273,3880011,64,0,40,1769701211,7.259077637980226,37.06650901747656,3562,153,37.07384481597246
1,1707,2273,3880011,64,0,50,1893245095,8.47401619998709,37.06892671336962,2033,153,37.07384481597246
1,1707,2273,3880011,64,0,70,2121403461,10.37654159498561,37.07180304921656,1378,153,37.07384481597246
1,1707,2273,3880011,64,0,100,2412105838,12.964360918991588,37.073506495756014,284,153,37.07384481597246
1,1707,2273,3880011,64,0,150,2626904019,16.01306176898288,37.07384469943361,12,153,37.07384481597246
2,1561,2342,3655862,64,0,1,345171003,0.4338052380007866,34.78567211351018,282780,409,35.01580662605069
2,1561,2342,3655862,64,0,2,420943457,0.7657190840036492,34.848782857711115,117770,409,35.01580662605069
2,1561,2342,3655862,64,0,3,488936713,1.1061739340038912,34.885127501417976,72862,409,35.01580662605069
2,1561,2342,3655862,64,0,5,605710073,1.7106430960011494,34.922931056720536,43573,409,35.01580662605069
2,1561,2342,3655862,64,0,7,693737162,2.1170401150011458,34.94224959010145,31890,409,35.01580662605069
2,1561,2342,3655862,64,0,10,800887978,2.6527425710009997,34.95702753074782,22226,409,35.01580662605069
2,1561,2342,3655862,64,0,15,957395878,3.427234482998756,34.97032259417658,13662,409,35.01580662605069
2,1561,2342,3655862,64,0,20,1129763345,4.434715386996686,34.98024727458254,11165,409,35.01580662605069
2,1561,2342,3655862,64,0,25,1300642809,5.252582348995929,34.98777389747981,8652,409,35.01580662605069
2,1561,2342,3655862,64,0,30,1464420640,6.036608761995012,34.99265363395945,7361,409,35.01580662605069
2,1561,2342,3655862,64,0,40,1783212877,7.665569407996372,34.999132471486114,5365,409,35.01580662605069
2,1561,2342,3655862,64,0,50,2004191151,9.043297070995322,35.0021476258705,3380,409,35.01580662605069
2,1561,2342,3655862,64,0,70,2284642622,10.911070434998692,35.00398039590675,2057,409,35.01580662605069
2,1561,2342,3655862,64,0,100,2565013330,13.235688722001214,35.00661686091097,1610,409,35.01580662605069
2,1561,2342,3655862,64,0,150,3121818751,17.72355817501375,35.01173658576833,1689,409,35.01580662605069
2,1561,2342,3655862,64,0,200,3459205252,21.417611876007868,35.01278386387165,390,409,35.01580662605069
2,1561,2342,3655862,64,0,300,4121775490,28.628127112020596,35.01467196707806,527,409,35.01580662605069
3,2980,2235,6660300,64,0,1,624040507,0.8248632699978771,32.1083024931952,537746,186,32.349697685570106
3,2980,2235,6660300,64,0,2,734077391,1.3185190900003363,32.19589324653221,296597,186,32.349697685570106
3,2980,2235,6660300,64,0,3,853156653,1.781528300998616,32.23663621459262,195584,186,32.349697685570106
3,2980,2235,6660300,64,0,5,1022030713,2.5765482770002563,32.27402243760946,113381,186,32.349697685570106
3,2980,2235,6660300,64,0,7,1159226913,3.287602074000461,32.29112634208806,81044,186,32.349697685570106
3,2980,2235,6660300,64,0,10,1328612276,4.364545793003344,32.303752978664114,47927,186,32.349697685570106
3,2980,2235,6660300,64,0,15,1545987822,5.772961515995121,32.31160727721115,29276,186,32.349697685570106
3,2980,2235,6660300,64,0,20,1763090030,7.027657156995701,32.31559445264823,22473,186,32.349697685570106
3,2980,2235,6660300,64,0,25,1983929340,8.416726112995093,32.318244250890665,16403,186,32.349697685570106
3,2980,2235,6660300,64,0,30,2222720531,9.77776748199176,32.32035472001429,18286,186,32.349697685570106
3,2980,2235,6660300,64,0,40,2591453926,12.160248462998425,32.32540287465927,18884,186,32.349697685570106
3,2980,2235,6660300,64,0,50,2919977333,14.323164941000869,32.33060988741373,14249,186,32.349697685570106
3,2980,2235,6660300,64,0,70,3503371390,18.38812756999687,32.341702872993785,18097,186,32.349697685570106
3,2980,2235,6660300,64,0,100,4028206563,23.241633380996063,32.347027020331105,4549,186,32.349697685570106
3,2980,2235,6660300,64,0,150,4741309326,30.07541778698578,32.34955280597846,1227,186,32.349697685570106
4,1706,2273,3877738,64,0,1,370784732,0.530207989999326,35.32547757437632,343959,122,35.592546645296885
4,1706,2273,3877738,64,0,2,465490926,0.9846768110000994,35.415452136125694,187947,122,35.592546645296885
4,1706,2273,3877738,64,0,3,535571218,1.3211246480022965,35.466180908366184,141782,122,35.592546645296885
4,1706,2273,3877738,64,0,5,651792114,1.9749803000049724,35.51576608738259,81337,122,35.592546645296885
4,1706,2273,3877738,64,0,7,745343970,2.4188939960040443,35.53917632365992,52121,122,35.592546645296885
4,1706,2273,3877738,64,0,10,875771925,3.051815285005432,35.556970627321604,33927,122,35.592546645296885
4,1706,2273,3877738,64,0,15,1069755901,4.03590497001278,35.57206600866503,17454,122,35.592546645296885
4,1706,2273,3877738,64,0,20,1240200872,4.915869544012821,35.579421187175775,10281,122,35.592546645296885
4,1706,2273,3877738,64,0,25,1368267996,5.57623911500923,35.582695935513115,3960,122,35.592546645296885
4,1706,2273,3877738,64,0,30,1470618331,6.196996748007223,35.58419494157321,2987,122,35.592546645296885
4,1706,2273,3877738,64,0,40,1634457263,7.340479232007055,35.586032590591806,2670,122,35.592546645296885
4,1706,2273,3877738,64,0,50,1779761580,8.462819964006485,35.58809997487247,2179,122,35.592546645296885
4,1706,2273,3877738,64,0,70,2068098827,10.531706418005342,35.59032701007561,1558,122,35.592546645296885
4,1706,2273,3877738,64,0,100,2368573843,13.090799100002188,35.59237338634949,1875,122,35.592546645296885
5,1560,2340,3650400,64,0,1,334198206,0.3756787089987483,32.40155995245252,293519,118,32.83765571537226
5,1560,2340,3650400,64,0,2,422369180,0.698374645999138,32.50152578900095,169713,118,32.83765571537226
5,1560,2340,3650400,64,0,3,496812598,1.0024952119965749,32.572714349165786,144703,118,32.83765571537226
5,1560,2340,3650400,64,0,5,632136657,1.563833917996817,32.67016303789673,98393,118,32.83765571537226
5,1560,2340,3650400,64,0,7,745106930,2.1632601819947013,32.72369837449816,63874,118,32.83765571537226
5,1560,2340,3650400,64,0,10,872212333,2.770245552997949,32.766008264495674,46562,118,32.83765571537226
5,1560,2340,3650400,64,0,15,1029449801,3.60030651699708,32.804776552092264,33840,118,32.83765571537226
5,1560,2340,3650400,64,0,20,1134961106,4.307027930000913,32.818141931809095,18598,118,32.83765571537226
5,1560,2340,3650400,64,0,25,1223644668,4.937385331999394,32.824771780405484,14674,118,32.83765571537226
5,1560,2340,3650400,64,0,30,1296377255,5.493887692999124,32.82947543950607,10643,118,32.83765571537226
5,1560,2340,3650400,64,0,40,1419724721,6.623166031000437,32.83314404191352,3344,118,32.83765571537226
5,1560,2340,3650400,64,0,50,1560578052,7.730417107002722,32.835027057779115,2987,118,32.83765571537226
5,1560,2340,3650400,64,0,70,1763888782,9.59946989200398,32.83754882568999,663,118,32.83765571537226
5,1560,2340,3650400,64,0,100,1852721859,11.26581160402202,32.83765022491521,102,118,32.83765571537226
6,3281,2187,7175547,64,0,1,739900770,1.1389032279985258,32.78552190651317,739196,203,33.14043250267245
6,3281,2187,7175547,64,0,2,967699831,2.072240251996845,32.88201764958044,482027,203,33.14043250267245
6,3281,2187,7175547,64,0,3,1174702021,3.070762103994639,32.93658975623809,311384,203,33.14043250267245
6,3281,2187,7175547,64,0,5,1494075068,4.47788935299468,32.99787257329417,212401,203,33.14043250267245
6,3281,2187,7175547,64,0,7,1727059865,5.651894647991867,33.0263789822805,143429,203,33.14043250267245
6,3281,2187,7175547,64,0,10,2026832225,7.0412091959915415,33.0501271564501,117498,203,33.14043250267245
6,3281,2187,7175547,64,0,15,2471150372,9.232536502986475,33.07566847366692,101267,203,33.14043250267245
6,3281,2187,7175547,64,0,20,2916292630,11.501849958985986,33.094408299483085,62899,203,33.14043250267245
6,3281,2187,7175547,64,0,25,3182527812,13.066771343987057,33.100603520284515,31542,203,33.14043250267245
6,3281,2187,7175547,64,0,30,3450993425,14.562999454981764,33.10572668821412,46173,203,33.14043250267245
6,3281,2187,7175547,64,0,40,3987982364,17.57067799098877,33.11491322087243,32248,203,33.14043250267245
6,3281,2187,7175547,64,0,50,4636167966,21.042249748992617,33.12625489056151,28997,203,33.14043250267245
6,3281,2187,7175547,64,0,70,5544427633,26.422239116989655,33.13447770745948,7154,203,33.14043250267245
6,3281,2187,7175547,64,0,100,6605403637,33.19876581099743,33.139082825125115,4441,203,33.14043250267245
6,3281,2187,7175547,64,0,150,7389648633,41.1452936009955,33.14036516826243,620,203,33.14043250267245
6,3281,2187,7175547,64,0,200,7672561338,46.97433380700022,33.14043248975642,17,203,33.14043250267245
7,2360,2360,5569600,64,0,1,524245781,0.5830359959982161,40.03164774193201,448045,131,40.320320378320254
7,2360,2360,5569600,64,0,2,673835125,1.119444678995933,40.14559808502699,340748,131,40.320320378320254
7,2360,2360,5569600,64,0,3,803136722,1.7294119229954958,40.18323700013458,139220,131,40.320320378320254
7,2360,2360,5569600,64,0,5,1037210117,2.5402374019940908,40.22436090311752,114304,131,40.320320378320254
7,2360,2360,5569600,64,0,7,1234575382,3.376563564994285,40.24519627297519,5989,131,40.320320378320254
7,2360,2360,5569600,64,0,10,1521675290,4.552146449997963,40.264633664920176,4498,131,40.320320378320254
7,2360,2360,5569600,64,0,15,1923922863,6.360381681995932,40.28321283012174,3193,131,40.320320378320254
7,2360,2360,5569600,64,0,20,2293601085,8.062596450992714,40.296050839743565,2663,131,40.320320378320254
7,2360,2360,5569600,64,0,25,2675819034,9.885436296986882,40.30683153976299,2011,131,40.320320378320254
7,2360,2360,5569600,64,0,30,2959708367,11.158145390985736,40.31203573562549,1699,131,40.320320378320254
7,2360,2360,5569600,64,0,40,3450541314,13.330929010997352,40.31658489049544,964,131,40.320320378320254
7,2360,2360,5569600,64,0,50,3843543629,15.204343316989252,40.31852865733239,452,131,40.320320378320254
7,2360,2360,5569600,64,0,70,4214238722,17.74599546797981,40.3196729028206,262,131,40.320320378320254
7,2360,2360,5569600,64,0,100,4562753296,21.167861527981582,40.32017995283128,190,131,40.320320378320254
8,3281,2187,7175547,64,0,1,680544972,0.960719072001666,36.75938553750802,696521,81,37.03565462583861
8,3281,2187,7175547,64,0,2,834803907,1.6389156129989717,36.84326851880943,331192,81,37.03565462583861
8,3281,2187,7175547,64,0,3,1023633448,2.4011666850019537,36.89179802972908,220065,81,37.03565462583861
8,3281,2187,7175547,64,0,5,1340824305,3.9307862470050168,36.94797811027159,143741,81,37.03565462583861
8,3281,2187,7175547,64,0,7,1543872868,4.955208867006149,36.97692346146444,120150,81,37.03565462583861
8,3281,2187,7175547,64,0,10,1722778140,6.017307438007265,36.99649540616398,76821,81,37.03565462583861
8,3281,2187,7175547,64,0,15,2007055319,7.685190378007974,37.01615336141301,49816,81,37.03565462583861
8,3281,2187,7175547,64,0,20,2193638740,8.894576547005272,37.02101714412348,16448,81,37.03565462583861
8,3281,2187,7175547,64,0,25,2335236505,9.926588762002211,37.02327376032392,12250,81,37.03565462583861
8,3281,2187,7175547,64,0,30,2498721815,11.113168427007622,37.02630039794026,23060,81,37.03565462583861
8,3281,2187,7175547,64,0,40,2851985502,13.532549341009144,37.03219480798764,13542,81,37.03565462583861
8,3281,2187,7175547,64,0,50,3115950800,15.49845551701219,37.03463583905049,2595,81,37.03565462583861
8,3281,2187,7175547,64,0,70,3477564258,18.78138738801863,37.03541315553375,2006,81,37.03565462583861
9,3280,2187,7173360,64,0,1,635102853,0.8239548040000955,35.62381685245657,573384,141,35.83401788566541
9,3280,2187,7173360,64,0,2,749313096,1.331114169999637,35.68466647390758,283802,141,35.83401788566541
9,3280,2187,7173360,64,0,3,839955218,1.82517730499967,35.71234016557123,176671,141,35.83401788566541
9,3280,2187,7173360,64,0,5,1008322025,2.6869425710028736,35.74129441748964,109238,141,35.83401788566541
9,3280,2187,7173360,64,0,7,1147800271,3.4227728780024336,35.75947471703758,105566,141,35.83401788566541
9,3280,2187,7173360,64,0,10,1330471311,4.45234369100217,35.77532630812189,46413,141,35.83401788566541
9,3280,2187,7173360,64,0,15,1558661735,5.83865474400227,35.78875879808551,38909,141,35.83401788566541
9,3280,2187,7173360,64,0,20,1759214526,7.041661291001219,35.79835464728468,44297,141,35.83401788566541
9,3280,2187,7173360,64,0,25,1940777232,8.243297206005082,35.80507368640204,18670,141,35.83401788566541
9,3280,2187,7173360,64,0,30,2119994403,9.477665714002796,35.80922948928206,17132,141,35.83401788566541
9,3280,2187,7173360,64,0,40,2358315520,11.403555953009343,35.81246235391124,7122,141,35.83401788566541
9,3280,2187,7173360,64,0,50,2549833474,13.10549318100675,35.814266039261554,4133,141,35.83401788566541
9,3280,2187,7173360,64,0,70,3360229782,18.064609550008758,35.82629734639609,11842,141,35.83401788566541
9,3280,2187,7173360,64,0,100,4037772000,23.341011297001387,35.83210563280082,5432,141,35.83401788566541
10,2831,3774,10684194,64,0,1,992719402,1.1852266330024577,34.925115706012434,844001,105,35.23584297030439
10,2831,3774,10684194,64,0,2,1184257104,2.1340200990016456,34.999415936761714,457083,105,35.23584297030439
10,2831,3774,10684194,64,0,3,1363076227,3.0429388340016885,35.03628494352027,316539,105,35.23584297030439
10,2831,3774,10684194,64,0,5,1673285949,4.5648525660035375,35.07522276423916,194667,105,35.23584297030439
10,2831,3774,10684194,64,0,7,1927212381,5.732356307002192,35.09953780465534,152848,105,35.23584297030439
10,2831,3774,10684194,64,0,10,2245470730,7.487326323000161,35.128115117414225,163938,105,35.23584297030439
10,2831,3774,10684194,64,0,15,2696110110,10.292559908004478,35.159046432877595,111160,105,35.23584297030439
10,2831,3774,10684194,64,0,20,3189154325,13.516917062006542,35.180553084835466,97455,105,35.23584297030439
10,2831,3774,10684194,64,0,25,3706618463,16.893994742003997,35.1953567565793,54263,105,35.23584297030439
10,2831,3774,10684194,64,0,30,4035160589,19.601359922002302,35.203529320696006,49988,105,35.23584297030439
10,2831,3774,10684194,64,0,40,4615387837,24.359632058003623,35.216761923917616,41525,105,35.23584297030439
10,2831,3774,10684194,64,0,50,5149915209,28.82098207200397,35.22571300268183,28597,105,35.23584297030439
10,2831,3774,10684194,64,0,70,6097479433,35.67842919600662,35.2346007643545,9472,105,35.23584297030439
10,2831,3774,10684194,64,0,100,6771974567,42.890422022002895,35.2358423655152,128,105,35.23584297030439
11,4387,2925,12831975,64,0,1,1109031779,1.350679832998139,41.59783024820682,764422,52,41.80431515159913
11,4387,2925,12831975,64,0,2,1378015592,2.602659957996366,41.66821618128345,330554,52,41.80431515159913
11,4387,2925,12831975,64,0,3,1626290637,3.8749261289958663,41.700659208646144,192622,52,41.80431515159913
11,4387,2925,12831975,64,0,5,2143126850,6.1832484749938885,41.74236749793901,92601,52,41.80431515159913
11,4387,2925,12831975,64,0,7,2642260465,8.111838401990099,41.76599632890262,79986,52,41.80431515159913
11,4387,2925,12831975,64,0,10,3215286853,10.840555685990694,41.78030873667118,37551,52,41.80431515159913
11,4387,2925,12831975,64,0,15,3696586145,13.87789644199438,41.78884756900956,10975,52,41.80431515159913
11,4387,2925,12831975,64,0,20,4026933218,15.949642345993198,41.79143992763531,15616,52,41.80431515159913
11,4387,2925,12831975,64,0,25,4419571572,18.18616809299056,41.79622210291777,11175,52,41.80431515159913
11,4387,2925,12831975,64,0,30,4777088142,20.4691500229892,41.79914739562737,7533,52,41.80431515159913
11,4387,2925,12831975,64,0,40,5328469956,24.059411374990304,41.80096350272254,2435,52,41.80431515159913
11,4387,2925,12831975,64,0,50,5833187013,27.559428965989355,41.80431514808437,17,52,41.80431515159913
12,2172,3866,8396952,64,0,1,800140310,1.4488765059977595,32.32466629271133,688505,398,32.60878784340854
12,2172,3866,8396952,64,0,2,1023452946,2.3837483009992866,32.387267340824046,366683,398,32.60878784340854
12,2172,3866,8396952,64,0,3,1225647596,3.2871285380024347,32.4227250090119,256925,398,32.60878784340854
12,2172,3866,8396952,64,0,5,1539715948,4.832709069003613,32.47127130042997,202999,398,32.60878784340854
12,2172,3866,8396952,64,0,7,1771719804,6.294979635003983,32.50093360610846,148894,398,32.60878784340854
12,2172,3866,8396952,64,0,10,2053960520,7.770724646001327,32.52680609341531,109053,398,32.60878784340854
12,2172,3866,8396952,64,0,15,2514653281,10.107908623002004,32.55224647345084,68268,398,32.60878784340854
12,2172,3866,8396952,64,0,20,2835828636,12.11042681600884,32.565611175445326,49963,398,32.60878784340854
12,2172,3866,8396952,64,0,25,3139130457,14.04288566800824,32.57644470996842,49023,398,32.60878784340854
12,2172,3866,8396952,64,0,30,3367776213,15.731365719009773,32.58369089707996,34551,398,32.60878784340854
12,2172,3866,8396952,64,0,40,3730769670,18.48477765101416,32.59050847789135,20108,398,32.60878784340854
12,2172,3866,8396952,64,0,50,4025196282,20.823812953014567,32.5926501846893,10914,398,32.60878784340854
12,2172,3866,8396952,64,0,70,4567715948,25.48820643201907,32.596482450504176,14896,398,32.60878784340854
12,2172,3866,8396952,64,0,100,5337941852,32.540701519013965,32.602965980782095,8978,398,32.60878784340854
12,2172,3866,8396952,64,0,150,6339866003,42.391025649005314,32.606395087757896,3574,398,32.60878784340854
12,2172,3866,8396952,64,0,200,7026102096,51.15674720201423,32.60740001394968,2782,398,32.60878784340854
12,2172,3866,8396952,64,0,300,7925691861,66.32095958501304,32.6080642175185,743,398,32.60878784340854
13,2580,3870,9984600,64,0,1,909426249,1.0637560180002763,32.7395240048154,700844,111,33.04840637224122
13,2580,3870,9984600,64,0,2,1104001194,1.8946995309997876,32.803834650724546,384685,111,33.04840637224122
13,2580,3870,9984600,64,0,3,1267844098,2.7162345570031903,32.83937256919081,284373,111,33.04840637224122
13,2580,3870,9984600,64,0,5,1576680428,4.374858055998629,32.879195957509005,172473,111,33.04840637224122
13,2580,3870,9984600,64,0,7,1871040024,5.730796892999933,32.90571552510124,138271,111,33.04840637224122
13,2580,3870,9984600,64,0,10,2330647677,7.964333134001208,32.93924681270914,119240,111,33.04840637224122
13,2580,3870,9984600,64,0,15,3065995477,11.436091980001947,32.97846301167252,88933,111,33.04840637224122
13,2580,3870,9984600,64,0,20,3474485794,13.68738986700555,32.99483194611827,57488,111,33.04840637224122
13,2580,3870,9984600,64,0,25,3836060101,15.650530464004987,33.00267489346019,38440,111,33.04840637224122
13,2580,3870,9984600,64,0,30,4470223647,18.520932484003424,33.019186034250524,28527,111,33.04840637224122
13,2580,3870,9984600,64,0,40,5452414608,23.44550163500753,33.04726062270327,9410,111,33.04840637224122
13,2580,3870,9984600,64,0,50,5636845896,25.582950318006624,33.04758941957632,2562,111,33.04840637224122
13,2580,3870,9984600,64,0,70,5896156021,29.575281609013476,33.04797496749857,2837,111,33.04840637224122
13,2580,3870,9984600,64,0,100,6224171000,34.90983771001265,33.04839991893687,496,111,33.04840637224122
14,2580,3870,9984600,64,0,1,862688078,0.9404588989964396,33.28641727139117,797058,140,33.581393072077105
14,2580,3870,9984600,64,0,2,1022101756,1.657147856996744,33.3584793790878,378637,140,33.581393072077105
14,2580,3870,9984600,64,0,3,1176502347,2.5070576569960394,33.39841553237305,272366,140,33.581393072077105
14,2580,3870,9984600,64,0,5,1456196696,3.7743751969974255,33.447490983014944,188303,140,33.581393072077105
14,2580,3870,9984600,64,0,7,1705052741,4.993330620996858,33.47745659525776,154202,140,33.581393072077105
14,2580,3870,9984600,64,0,10,2049332786,6.915415383999061,33.51024986107031,101558,140,33.581393072077105
14,2580,3870,9984600,64,0,15,2583913571,9.865544145992317,33.53513538421456,60066,140,33.581393072077105
14,2580,3870,9984600,64,0,20,3070068468,12.4814833409946,33.54694195633562,34967,140,33.581393072077105
14,2580,3870,9984600,64,0,25,3576432654,15.164079957998185,33.5551543265725,31140,140,33.581393072077105
14,2580,3870,9984600,64,0,30,4101843616,17.700432425001054,33.56218438897412,26694,140,33.581393072077105
14,2580,3870,9984600,64,0,40,4746971015,21.215925846001483,33.56875961929142,18263,140,33.581393072077105
14,2580,3870,9984600,64,0,50,5259843417,24.38145332000568,33.574423863263235,12803,140,33.581393072077105
14,2580,3870,9984600,64,0,70,6137564406,29.89045895701201,33.58065162634735,5414,140,33.581393072077105
14,2580,3870,9984600,64,0,100,6627084113,35.7382178400112,33.58133919080045,685,140,33.581393072077105
15,5661,3774,21364614,64,0,1,1995791096,2.3015693870002,33.55065877150646,1740671,348,33.83380914454554
15,5661,3774,21364614,64,0,2,2555327619,4.652325686998665,33.60433314648043,735769,348,33.83380914454554
15,5661,3774,21364614,64,0,3,3044655015,6.910368019998714,33.63533818382207,551187,348,33.83380914454554
15,5661,3774,21364614,64,0,5,3823548578,10.176673333000508,33.66341232904223,316591,348,33.83380914454554
15,5661,3774,21364614,64,0,7,4320255135,12.739592041001742,33.6797513195124,248483,348,33.83380914454554
15,5661,3774,21364614,64,0,10,5228312712,16.839551672001107,33.71128676510834,240727,348,33.83380914454554
15,5661,3774,21364614,64,0,15,6455150654,22.795940436997626,33.74171441003276,135403,348,33.83380914454554
15,5661,3774,21364614,64,0,20,7268161225,27.447249037999427,33.754089609638896,148475,348,33.83380914454554
15,5661,3774,21364614,64,0,25,7931565684,31.44998450699859,33.76292718027105,113620,348,33.83380914454554
15,5661,3774,21364614,64,0,30,8511704799,35.425551454001834,33.76838021098056,68901,348,33.83380914454554
15,5661,3774,21364614,64,0,40,9712936271,43.27711274799731,33.775650521929194,40957,348,33.83380914454554
15,5661,3774,21364614,64,0,50,10727546690,49.95571649698832,33.78276878766496,65436,348,33.83380914454554
15,5661,3774,21364614,64,0,70,12398746160,62.41084632800266,33.79743519895842,25882,348,33.83380914454554
15,5661,3774,21364614,64,0,100,14317403070,78.6008367379909,33.80400506789479,20120,348,33.83380914454554
15,5661,3774,21364614,64,0,150,16747729627,101.95869903497442,33.80863639775464,6658,348,33.83380914454554
15,5661,3774,21364614,64,0,200,19023452374,125.39654821597289,33.812981190079185,21871,348,33.83380914454554
15,5661,3774,21364614,64,0,300,26787921556,185.26358937399343,33.833126063540426,8450,348,33.83380914454554
16,2515,3773,9489095,64,0,1,827686353,0.9027431549984613,34.22002979169151,510881,244,34.43437773606754
16,2515,3773,9489095,64,0,2,1008154997,1.599280763995921,34.26634575184595,263507,244,34.43437773606754
16,2515,3773,9489095,64,0,3,1132851659,2.156900423993648,34.2915274607734,207282,244,34.43437773606754
16,2515,3773,9489095,64,0,5,1329417554,3.1081082209930173,34.321380315623514,142935,244,34.43437773606754
16,2515,3773,9489095,64,0,7,1485447878,4.038192573996639,34.33877122338302,102919,244,34.43437773606754
16,2515,3773,9489095,64,0,10,1692875160,5.107116897997912,34.353581775837064,77563,244,34.43437773606754
16,2515,3773,9489095,64,0,15,2022777288,6.971266552995076,34.367533510490055,41522,244,34.43437773606754
16,2515,3773,9489095,64,0,20,2450321734,9.3308182109904,34.38350468539062,47313,244,34.43437773606754
16,2515,3773,9489095,64,0,25,2863315619,11.54155531098877,34.39369535612913,42364,244,34.43437773606754
16,2515,3773,9489095,64,0,30,3125247790,13.123945916991945,34.40027274488413,41728,244,34.43437773606754
16,2515,3773,9489095,64,0,40,3472720780,15.593151433989988,34.405909454006135,20200,244,34.43437773606754
16,2515,3773,9489095,64,0,50,3861365328,18.10766772698844,34.41033241542199,12778,244,34.43437773606754
16,2515,3773,9489095,64,0,70,4866682946,24.520310705993325,34.4195255715972,14619,244,34.43437773606754
16,2515,3773,9489095,64,0,100,5880288231,32.13402432899966,34.42625558007232,7684,244,34.43437773606754
16,2515,3773,9489095,64,0,150,7078408182,42.60829382000156,34.4323726182487,3466,244,34.43437773606754
16,2515,3773,9489095,64,0,200,7844801626,52.05787072900057,34.434229090765044,1684,244,34.43437773606754
17,4988,3741,18660108,64,0,1,1613096281,1.6333019669982605,32.9371410861926,1288157,137,33.20182554170223
17,4988,3741,18660108,64,0,2,1919861902,3.195413345994893,32.99887705100575,620278,137,33.20182554170223
17,4988,3741,18660108,64,0,3,2170227816,4.433190102994558,33.03172657174822,420678,137,33.20182554170223
17,4988,3741,18660108,64,0,5,2607399176,7.218709315999149,33.07321056299915,284335,137,33.20182554170223
17,4988,3741,18660108,64,0,7,3040128693,9.424936605995754,33.1011120167726,225833,137,33.20182554170223
17,4988,3741,18660108,64,0,10,3560375656,12.123755864995474,33.12436751358635,176837,137,33.20182554170223
17,4988,3741,18660108,64,0,15,4392470290,16.4666243129941,33.15649810858461,131034,137,33.20182554170223
17,4988,3741,18660108,64,0,20,5085940390,20.460752680995935,33.17498289062716,86642,137,33.20182554170223
17,4988,3741,18660108,64,0,25,5555689197,23.587384336995456,33.18195199211828,51658,137,33.20182554170223
17,4988,3741,18660108,64,0,30,5944751959,26.508351065996976,33.186220334349855,54101,137,33.20182554170223
17,4988,3741,18660108,64,0,40,6816022832,33.328055820999,33.19489876831998,32261,137,33.20182554170223
17,4988,3741,18660108,64,0,50,7385570820,38.57207091300734,33.1986392522596,25952,137,33.20182554170223
17,4988,3741,18660108,64,0,70,8253572291,46.807131716021104,33.201094535781465,10572,137,33.20182554170223
17,4988,3741,18660108,64,0,100,9075128516,57.51829396001631,33.20178090856047,1265,137,33.20182554170223
18,4000,3000,12000000,64,0,1,1094956507,1.5404393509998044,34.647024272035395,731463,171,35.02149374649517
18,4000,3000,12000000,64,0,2,1363750943,2.7374983109984896,34.71103697496239,443353,171,35.02149374649517
18,4000,3000,12000000,64,0,3,1614343673,3.8683051799998793,34.759207984839115,377347,171,35.02149374649517
18,4000,3000,12000000,64,0,5,2068353738,5.932120104000205,34.82772244892716,284439,171,35.02149374649517
18,4000,3000,12000000,64,0,7,2495691163,8.363869508004427,34.866133851112394,197362,171,35.02149374649517
18,4000,3000,12000000,64,0,10,3132009479,11.202843520997703,34.90985861151401,136284,171,35.02149374649517
18,4000,3000,12000000,64,0,15,4021221218,15.440458212997328,34.95253673817147,104978,171,35.02149374649517
18,4000,3000,12000000,64,0,20,4606820631,18.37518655399253,34.972377306680265,62819,171,35.02149374649517
18,4000,3000,12000000,64,0,25,5028332042,20.923010122984124,34.98130842610855,56200,171,35.02149374649517
18,4000,3000,12000000,64,0,30,5334842546,22.94004112198309,34.9866123453459,33148,171,35.02149374649517
18,4000,3000,12000000,64,0,40,5897122885,26.828596864990686,34.99143006030497,25562,171,35.02149374649517
18,4000,3000,12000000,64,0,50,6862006301,32.101183172988385,34.99880568309784,30006,171,35.02149374649517
18,4000,3000,12000000,64,0,70,9265552181,44.54884498699175,35.01293667764018,22663,171,35.02149374649517
18,4000,3000,12000000,64,0,100,10590590684,54.7405551280026,35.02000632925389,13054,171,35.02149374649517
18,4000,3000,12000000,64,0,150,11283626163,65.17445411899098,35.02148825431399,673,171,35.02149374649517
19,5505,3670,20203350,64,0,1,1780076951,1.8597712959999624,39.86469063042294,1117603,123,40.09433812117628
19,5505,3670,20203350,64,0,2,2122435509,3.4013452870021865,39.92192637248205,512483,123,40.09433812117628
19,5505,3670,20203350,64,0,3,2400439908,4.705065070003911,39.94800796948357,282884,123,40.09433812117628
19,5505,3670,20203350,64,0,5,2941259501,6.966703370002506,39.97521785675522,140446,123,40.09433812117628
19,5505,3670,20203350,64,0,7,3482760532,9.694896175002214,39.99152632573793,97903,123,40.09433812117628
19,5505,3670,20203350,64,0,10,4261476588,13.39048828399973,40.01713747221263,77811,123,40.09433812117628
19,5505,3670,20203350,64,0,15,5107916143,18.298956304995954,40.03231161025552,46371,123,40.09433812117628
19,5505,3670,20203350,64,0,20,5749960991,22.15896812599385,40.037542195129134,23593,123,40.09433812117628
19,5505,3670,20203350,64,0,25,6204207477,25.03725942799429,40.03943174570905,14785,123,40.09433812117628
19,5505,3670,20203350,64,0,30,6691473746,27.987462714994763,40.04162933171304,7546,123,40.09433812117628
19,5505,3670,20203350,64,0,40,8111058960,35.454291356989415,40.04603466405149,3379,123,40.09433812117628
19,5505,3670,20203350,64,0,50,10162850564,45.34193383898673,40.06724560225706,10414,123,40.09433812117628
19,5505,3670,20203350,64,0,70,13466348868,60.7140636089789,40.09013306452148,2786,123,40.09433812117628
19,5505,3670,20203350,64,0,100,15690982651,75.30434802198579,40.09379596511647,382,123,40.09433812117628
20,3264,2448,7990272,64,0,1,715551414,0.8214610220020404,35.39636481618449,586122,94,35.58632389989337
20,3264,2448,7990272,64,0,2,838277366,1.4644945840009314,35.44615933645422,290087,94,35.58632389989337
20,3264,2448,7990272,64,0,3,947481444,2.000730666000891,35.471657786930464,201127,94,35.58632389989337
20,3264,2448,7990272,64,0,5,1111783936,2.795285946001968,35.501855761745944,105326,94,35.58632389989337
20,3264,2448,7990272,64,0,7,1282627418,3.5935636750000413,35.522414482246646,97903,94,35.58632389989337
20,3264,2448,7990272,64,0,10,1533995126,4.841169391998847,35.542290176977005,67553,94,35.58632389989337
20,3264,2448,7990272,64,0,15,1969669701,7.022298369993223,35.56183200297259,41985,94,35.58632389989337
20,3264,2448,7990272,64,0,20,2350498219,8.856628757996077,35.57056911004204,15459,94,35.58632389989337
20,3264,2448,7990272,64,0,25,2623931335,10.33973204099675,35.57338370593905,11956,94,35.58632389989337
20,3264,2448,7990272,64,0,30,2822967890,11.56595401499726,35.575053085112444,9966,94,35.58632389989337
20,3264,2448,7990272,64,0,40,3265496923,14.16712120900047,35.577940857642965,10467,94,35.58632389989337
20,3264,2448,7990272,64,0,50,3705513157,16.678220474001137,35.58390242519563,8935,94,35.58632389989337
20,3264,2448,7990272,64,0,70,4399175635,21.088786303000237,35.586151190131034,2091,94,35.58632389989337
21,2455,3928,9643240,64,0,1,855999581,1.011447548000433,31.769115320143023,648156,130,32.14526058966628
21,2455,3928,9643240,64,0,2,994777256,1.7107394840022607,31.879623781956784,443418,130,32.14526058966628
21,2455,3928,9643240,64,0,3,1163627006,2.516687885003193,31.952472648726605,388324,130,32.14526058966628
21,2455,3928,9643240,64,0,5,1421285205,3.7379493200060097,32.024047180945935,203337,130,32.14526058966628
21,2455,3928,9643240,64,0,7,1642557066,4.744956764006929,32.059937541202416,141501,130,32.14526058966628
21,2455,3928,9643240,64,0,10,1912739560,6.176869028007786,32.0904919074343,126520,130,32.14526058966628
21,2455,3928,9643240,64,0,15,2251884402,8.149997796008392,32.11641536185974,54587,130,32.14526058966628
21,2455,3928,9643240,64,0,20,2524361246,9.901826546010852,32.12688601739222,33331,130,32.14526058966628
21,2455,3928,9643240,64,0,25,2728056247,11.298954638015855,32.13166127072893,25039,130,32.14526058966628
21,2455,3928,9643240,64,0,30,2895855945,12.762107467013266,32.13404963836932,18729,130,32.14526058966628
21,2455,3928,9643240,64,0,40,3189744772,15.170057994011586,32.13657010220149,7688,130,32.14526058966628
21,2455,3928,9643240,64,0,50,3407343331,17.20531058601773,32.13804297826494,12633,130,32.14526058966628
21,2455,3928,9643240,64,0,70,3890783268,21.454039634016222,32.14234345551044,11994,130,32.14526058966628
21,2455,3928,9643240,64,0,100,4569960930,27.720227928024546,32.14422369872417,1524,130,32.14526058966628
22,2000,3000,6000000,64,0,1,523048734,0.4969225659988296,31.766774000833397,423012,197,32.09518992580805
22,2000,3000,6000000,64,0,2,645821704,1.0869411009989562,31.86421392886015,212801,197,32.09518992580805
22,2000,3000,6000000,64,0,3,755251076,1.5469000159973805,31.91895166121443,171345,197,32.09518992580805
22,2000,3000,6000000,64,0,5,924909235,2.23946155399608,31.97616258386748,111965,197,32.09518992580805
22,2000,3000,6000000,64,0,7,1066805963,2.9070235089966445,32.00466599151858,70115,197,32.09518992580805
22,2000,3000,6000000,64,0,10,1263465452,3.7299988609956927,32.020365564654014,37132,197,32.09518992580805
22,2000,3000,6000000,64,0,15,1557612578,5.071297644000879,32.03833682406528,23152,197,32.09518992580805
22,2000,3000,6000000,64,0,20,1847534394,6.485262487003638,32.055045546393366,25829,197,32.09518992580805
22,2000,3000,6000000,64,0,25,2119671933,7.800659950997215,32.06736101886203,16685,197,32.09518992580805
22,2000,3000,6000000,64,0,30,2309842248,8.932998680993478,32.07183779334078,9418,197,32.09518992580805
22,2000,3000,6000000,64,0,40,2548628792,10.572216968997964,32.078589694634104,21743,197,32.09518992580805
22,2000,3000,6000000,64,0,50,2741235993,12.014138208003716,32.08096306220593,3877,197,32.09518992580805
22,2000,3000,6000000,64,0,70,3103934827,14.852669612995667,32.091970478379125,3289,197,32.09518992580805
22,2000,3000,6000000,64,0,100,3565332918,18.82115137198707,32.09426342474521,2107,197,32.09518992580805
22,2000,3000,6000000,64,0,150,4004394616,24.29193755399683,32.095076211291655,451,197,32.09518992580805
23,2580,3870,9984600,64,0,1,907246548,1.2188118420017418,34.752079177218,665474,101,34.97656486381209
23,2580,3870,9984600,64,0,2,1142450190,2.1311007690019323,34.81607519027381,377686,101,34.97656486381209
23,2580,3870,9984600,64,0,3,1363775133,3.1591411760018677,34.847538202166334,244905,101,34.97656486381209
23,2580,3870,9984600,64,0,5,1744643912,4.845502621999913,34.88400722005894,166151,101,34.97656486381209
23,2580,3870,9984600,64,0,7,2127824379,6.629346313999122,34.90544820632488,104393,101,34.97656486381209
23,2580,3870,9984600,64,0,10,2587792348,8.760253931995976,34.92537627240366,64624,101,34.97656486381209
23,2580,3870,9984600,64,0,15,3206265558,11.76425891899271,34.9430214147513,46256,101,34.97656486381209
23,2580,3870,9984600,64,0,20,3784224390,14.819177821991616,34.95432370516117,37795,101,34.97656486381209
23,2580,3870,9984600,64,0,25,4222220074,17.242311419991893,34.9596427012878,26086,101,34.97656486381209
23,2580,3870,9984600,64,0,30,4745648558,19.940351904991985,34.965549779006935,16862,101,34.97656486381209
23,2580,3870,9984600,64,0,40,6017714408,26.37716783898577,34.97431515462974,6033,101,34.97656486381209
23,2580,3870,9984600,64,0,50,6537043683,30.133163945978595,34.97554181563174,2487,101,34.97656486381209
23,2580,3870,9984600,64,0,70,7081456670,35.40803030899042,34.97637532334754,603,101,34.97656486381209
23,2580,3870,9984600,64,0,100,7430902271,40.196177466990775,34.97656486381209,10,101,34.97656486381209
24,2580,3870,9984600,64,0,1,954354982,1.8648921749991128,30.402932365975825,728345,240,30.65506440275431
24,2580,3870,9984600,64,0,2,1218089415,3.0917928790004225,30.47190944518134,418035,240,30.65506440275431
24,2580,3870,9984600,64,0,3,1461795722,4.10896165700251,30.509699428392167,300553,240,30.65506440275431
24,2580,3870,9984600,64,0,5,1968465893,6.435720487999788,30.555184335696453,192449,240,30.65506440275431
24,2580,3870,9984600,64,0,7,2360629896,8.350241806998383,30.57910175305336,148824,240,30.65506440275431
24,2580,3870,9984600,64,0,10,2737908461,10.44202574699375,30.604611742698854,122534,240,30.65506440275431
24,2580,3870,9984600,64,0,15,3246217020,13.121166845994594,30.628037194987694,80907,240,30.65506440275431
24,2580,3870,9984600,64,0,20,3581999039,15.176764913994704,30.63938231757878,59456,240,30.65506440275431
24,2580,3870,9984600,64,0,25,3865468307,17.171277528996143,30.64434499200361,41068,240,30.65506440275431
24,2580,3870,9984600,64,0,30,4109256970,18.83604624799773,30.64679498903946,20633,240,30.65506440275431
24,2580,3870,9984600,64,0,40,4487718883,21.80048820400407,30.64912716829634,16239,240,30.65506440275431
24,2580,3870,9984600,64,0,50,4807475401,24.664463822999096,30.6503997976857,7862,240,30.65506440275431
24,2580,3870,9984600,64,0,70,5366991664,29.708419797003444,30.651781696242114,8367,240,30.65506440275431
24,2580,3870,9984600,64,0,100,5900902424,35.93490986200777,30.65278559248528,7330,240,30.65506440275431
24,2580,3870,9984600,64,0,150,6773877366,46.15934943700268,30.65436304055811,5624,240,30.65506440275431
24,2580,3870,9984600,64,0,200,7375043516,55.12469741200039,30.655030568442747,1793,240,30.65506440275431
25,2580,3870,9984600,64,0,1,911177894,1.0325270510002156,33.79907935209086,679398,66,34.03942962479431
25,2580,3870,9984600,64,0,2,1116596371,1.9255170960022951,33.86500854621646,393215,66,34.03942962479431
25,2580,3870,9984600,64,0,3,1305861961,2.7115148680022685,33.90321097850534,281076,66,34.03942962479431
25,2580,3870,9984600,64,0,5,1608474377,4.241862412003684,33.94761614119979,219515,66,34.03942962479431
25,2580,3870,9984600,64,0,7,1834911073,5.30636632200185,33.97336350345932,148630,66,34.03942962479431
25,2580,3870,9984600,64,0,10,2109295389,6.74876036200294,33.99560172898406,128008,66,34.03942962479431
25,2580,3870,9984600,64,0,15,2524186853,9.01455128499947,34.01942194864341,82168,66,34.03942962479431
25,2580,3870,9984600,64,0,20,2789165407,10.715344375999848,34.02480755394999,20401,66,34.03942962479431
25,2580,3870,9984600,64,0,25,3002903667,12.217726098006096,34.02800684503452,23586,66,34.03942962479431
25,2580,3870,9984600,64,0,30,3228421895,13.658005505007168,34.03266898920405,22635,66,34.03942962479431
25,2580,3870,9984600,64,0,40,3570349446,16.323826888008625,34.036391309932945,18812,66,34.03942962479431
25,2580,3870,9984600,64,0,50,3904433353,18.886425842014432,34.03903545331924,6400,66,34.03942962479431
26,5299,3533,18721367,64,0,1,1807501266,2.609700200999214,33.540435672466494,1622341,330,33.85394008113157
26,5299,3533,18721367,64,0,2,2227256692,4.393773692998366,33.61787756577329,792283,330,33.85394008113157
26,5299,3533,18721367,64,0,3,2669675203,6.167011714998807,33.660973515786964,740944,330,33.85394008113157
26,5299,3533,18721367,64,0,5,3406861995,9.524046304995863,33.710551405919524,413412,330,33.85394008113157
26,5299,3533,18721367,64,0,7,4006274728,12.417493623994233,33.738202617387046,253119,330,33.85394008113157
26,5299,3533,18721367,64,0,10,4901087703,16.610965233994648,33.76488010800949,157344,330,33.85394008113157
26,5299,3533,18721367,64,0,15,6186347470,22.5546716159879,33.79854870811686,126056,330,33.85394008113157
26,5299,3533,18721367,64,0,20,7242135182,27.64275195699156,33.81393288655337,92471,330,33.85394008113157
26,5299,3533,18721367,64,0,25,7996173970,31.652621515997453,33.8196071955965,46311,330,33.85394008113157
26,5299,3533,18721367,64,0,30,8584154753,35.36820507499942,33.82308633455787,30945,330,33.85394008113157
26,5299,3533,18721367,64,0,40,9780579013,42.44341555100255,33.827677218345265,27346,330,33.85394008113157
26,5299,3533,18721367,64,0,50,10806490131,48.72802119400876,33.83217027181185,24241,330,33.85394008113157
26,5299,3533,18721367,64,0,70,12287027768,59.279833552005584,33.83729009079972,12239,330,33.85394008113157
26,5299,3533,18721367,64,0,100,15960230726,80.05685755399463,33.851052172873764,10301,330,33.85394008113157
26,5299,3533,18721367,64,0,150,18344798140,101.1973378820112,33.8529390302205,1354,330,33.85394008113157
26,5299,3533,18721367,64,0,200,19832059268,118.06395590901955,33.85330365167747,3315,330,33.85394008113157
26,5299,3533,18721367,64,0,300,22531893684,150.11342580900964,33.85392606804083,484,330,33.85394008113157
27,2546,3300,8401800,64,0,1,736153336,0.8754178319977655,34.42738138291229,526555,162,34.72702596281554
27,2546,3300,8401800,64,0,2,887874720,1.747952711997641,34.49294942676823,280480,162,34.72702596281554
27,2546,3300,8401800,64,0,3,1002739750,2.3275168979962477,34.52870209223041,193782,162,34.72702596281554
27,2546,3300,8401800,64,0,5,1223060376,3.4603363249952963,34.56626261107813,112487,162,34.72702596281554
27,2546,3300,8401800,64,0,7,1446638671,4.527012188998924,34.58427605844632,67044,162,34.72702596281554
27,2546,3300,8401800,64,0,10,1749695074,5.953726801999437,34.60757056536085,70667,162,34.72702596281554
27,2546,3300,8401800,64,0,15,2125071285,7.985044783999911,34.635228574056875,115927,162,34.72702596281554
27,2546,3300,8401800,64,0,20,2392595177,9.68412560300203,34.65863571976858,51062,162,34.72702596281554
27,2546,3300,8401800,64,0,25,2618383340,11.19353804900311,34.66711489450995,34869,162,34.72702596281554
27,2546,3300,8401800,64,0,30,2826964413,12.608009371007938,34.67385461229179,27921,162,34.72702596281554
27,2546,3300,8401800,64,0,40,3307225260,15.5826800580071,34.686457460038824,15693,162,34.72702596281554
27,2546,3300,8401800,64,0,50,3659902915,18.64771960400685,34.692058056264734,10901,162,34.72702596281554
27,2546,3300,8401800,64,0,70,4495766442,23.86443092601621,34.70419702899107,9609,162,34.72702596281554
27,2546,3300,8401800,64,0,100,5651646395,31.396981380024958,34.72352003853691,8932,162,34.72702596281554
27,2546,3300,8401800,64,0,150,6564307533,40.24441481703252,34.727012714896524,471,162,34.72702596281554
28,5472,3648,19961856,64,0,1,1549149454,1.0310034680005629,37.699566827885405,946237,150,37.9636382697398
28,5472,3648,19961856,64,0,2,1755562340,1.8489479449999635,37.765034984804,332302,150,37.9636382697398
28,5472,3648,19961856,64,0,3,1956758371,2.7218117410011478,37.80212282520249,196333,150,37.9636382697398
28,5472,3648,19961856,64,0,5,2295130109,4.151600567001879,37.84662235655415,87497,150,37.9636382697398
28,5472,3648,19961856,64,0,7,2604692137,5.909207679000247,37.87354577489536,75686,150,37.9636382697398
28,5472,3648,19961856,64,0,10,3012687971,7.755971863000013,37.90292137897961,50504,150,37.9636382697398
28,5472,3648,19961856,64,0,15,3648502554,10.808296058006816,37.92390955405751,30552,150,37.9636382697398
28,5472,3648,19961856,64,0,20,4163097457,13.78603767801178,37.93444791886256,20954,150,37.9636382697398
28,5472,3648,19961856,64,0,25,4645745520,16.651861278012802,37.93997624541078,12161,150,37.9636382697398
28,5472,3648,19961856,64,0,30,4987243821,18.99598662801145,37.94451217072408,14692,150,37.9636382697398
28,5472,3648,19961856,64,0,40,5429439774,23.26196273401001,37.94734618872871,4489,150,37.9636382697398
28,5472,3648,19961856,64,0,50,5811425704,26.958961774009367,37.94921317154248,4086,150,37.9636382697398
28,5472,3648,19961856,64,0,70,6925086535,35.54120456100645,37.956306727685984,8816,150,37.9636382697398
28,5472,3648,19961856,64,0,100,8306189484,47.482154805031314,37.962647157889,2138,150,37.9636382697398
28,5472,3648,19961856,64,0,150,9208261835,61.96632623502592,37.9636382697398,0,150,37.9636382697398
29,1334,2000,2668000,64,0,1,262278266,0.3061095919983927,30.254448448840154,213137,245,30.590933407735385
29,1334,2000,2668000,64,0,2,335705960,0.6193533149998984,30.339970157645585,131702,245,30.590933407735385
29,1334,2000,2668000,64,0,3,414160365,0.8976182850019541,30.394964073450264,99651,245,30.590933407735385
29,1334,2000,2668000,64,0,5,542556951,1.3740864170031273,30.450606925365665,60841,245,30.590933407735385
29,1334,2000,2668000,64,0,7,635887844,1.7632593120033562,30.47775545288836,48716,245,30.590933407735385
29,1334,2000,2668000,64,0,10,741036333,2.319150843999523,30.504775036530447,36549,245,30.590933407735385
29,1334,2000,2668000,64,0,15,874233912,2.970701703998202,30.530455010234387,27432,245,30.590933407735385
29,1334,2000,2668000,64,0,20,1009197799,3.6936216419999255,30.54783767059904,19977,245,30.590933407735385
29,1334,2000,2668000,64,0,25,1153579657,4.498115460999543,30.55690160452029,10536,245,30.590933407735385
29,1334,2000,2668000,64,0,30,1264757142,5.127263562997541,30.56155543709049,6326,245,30.590933407735385
29,1334,2000,2668000,64,0,40,1403277100,5.925365760002023,30.56485257097071,3426,245,30.590933407735385
29,1334,2000,2668000,64,0,50,1496354226,6.715904838012648,30.56595989672999,1838,245,30.590933407735385
29,1334,2000,2668000,64,0,70,1817666873,8.539326164005615,30.570258084528486,3298,245,30.590933407735385
29,1334,2000,2668000,64,0,100,2327060662,11.34773822000716,30.576443916554087,1078,245,30.590933407735385
29,1334,2000,2668000,64,0,150,2708161585,14.615620942000533,30.578731172555,1831,245,30.590933407735385
29,1334,2000,2668000,64,0,200,3266880492,18.67431249199217,30.590749332922226,612,245,30.590933407735385
30,3280,2187,7173360,64,0,1,674274986,0.890795885999978,30.330275643599336,611423,440,30.740738865779097
30,3280,2187,7173360,64,0,2,848061316,1.6512455320007575,30.44412652791972,359713,440,30.740738865779097
30,3280,2187,7173360,64,0,3,999987941,2.3501598370021384,30.498835841261688,249804,440,30.740738865779097
30,3280,2187,7173360,64,0,5,1215002911,3.378786660003243,30.55355029577353,153211,440,30.740738865779097
30,3280,2187,7173360,64,0,7,1400970506,4.464375972005655,30.58324456794889,116959,440,30.740738865779097
30,3280,2187,7173360,64,0,10,1654419165,5.784180694005045,30.617199468156883,99703,440,30.740738865779097
30,3280,2187,7173360,64,0,15,2106091998,8.256739241001924,30.668509232940377,83780,440,30.740738865779097
30,3280,2187,7173360,64,0,20,2512137626,10.383910375003325,30.70187051377789,65783,440,30.740738865779097
30,3280,2187,7173360,64,0,25,2880666554,12.349497378007072,30.716864911537517,39546,440,30.740738865779097
30,3280,2187,7173360,64,0,30,3062801180,13.46250487701036,30.722301720719432,28019,440,30.740738865779097
30,3280,2187,7173360,64,0,40,3343481800,15.624152873009734,30.72803383136911,18914,440,30.740738865779097
30,3280,2187,7173360,64,0,50,3513834291,17.28779193300943,30.730168798667293,12558,440,30.740738865779097
30,3280,2187,7173360,64,0,70,3773669797,20.277963907017693,30.731777465338507,4874,440,30.740738865779097
30,3280,2187,7173360,64,0,100,4106654350,24.106133715016767,30.732765434721404,1545,440,30.740738865779097
30,3280,2187,7173360,64,0,150,4476939238,30.181326497000555,30.733424713979183,2599,440,30.740738865779097
30,3280,2187,7173360,64,0,200,5066141941,37.3615305089952,30.73463129970824,2781,440,30.740738865779097
30,3280,2187,7173360,64,0,300,7027789972,55.26129945500361,30.7397680348708,2924,440,30.740738865779097
31,3281,2187,7175547,64,0,1,650902848,0.8222706359993026,35.57621265513073,425508,99,35.84935777276241
31,3281,2187,7175547,64,0,2,812264952,1.4725784520014713,35.6326875344709,211446,99,35.84935777276241
31,3281,2187,7175547,64,0,3,925444108,1.9652292450009556,35.663820077589094,152008,99,35.84935777276241
31,3281,2187,7175547,64,0,5,1136740103,2.915303177000169,35.706501867639695,105319,99,35.84935777276241
31,3281,2187,7175547,64,0,7,1355738520,3.8201444129990714,35.741038274690474,97986,99,35.84935777276241
31,3281,2187,7175547,64,0,10,1652867922,5.255591347995505,35.78856601903723,66705,99,35.84935777276241
31,3281,2187,7175547,64,0,15,2019126720,7.082225484995433,35.813021383375634,53085,99,35.84935777276241
31,3281,2187,7175547,64,0,20,2306616014,8.541300074000901,35.82882281123826,36954,99,35.84935777276241
31,3281,2187,7175547,64,0,25,2548966752,9.73166054199828,35.83609064479087,14935,99,35.84935777276241
31,3281,2187,7175547,64,0,30,2748098178,11.114710138997909,35.84028507756402,9175,99,35.84935777276241
31,3281,2187,7175547,64,0,40,3097223168,13.276236375990266,35.845505031920254,8533,99,35.84935777276241
31,3281,2187,7175547,64,0,50,3394181643,15.26355946798867,35.84883050556913,14007,99,35.84935777276241
31,3281,2187,7175547,64,0,70,3629172785,17.99562972999047,35.849280102121,77,99,35.84935777276241
32,2759,2280,6290520,64,0,1,555567948,0.8391976689999865,34.74225983426335,575570,214,35.09174106158544
32,2759,2280,6290520,64,0,2,671760952,1.2943810140022831,34.83812442576823,136911,214,35.09174106158544
32,2759,2280,6290520,64,0,3,781605684,1.6678907650020849,34.89847975697411,107027,214,35.09174106158544
32,2759,2280,6290520,64,0,5,970374042,2.547270646005927,34.96653753988099,77002,214,35.09174106158544
32,2759,2280,6290520,64,0,7,1140475346,3.2402281660070003,35.00279407002918,47804,214,35.09174106158544
32,2759,2280,6290520,64,0,10,1378467436,4.254148928001087,35.02947613161319,29089,214,35.09174106158544
32,2759,2280,6290520,64,0,15,1672348198,5.592514210002264,35.050078988344595,17736,214,35.09174106158544
32,2759,2280,6290520,64,0,20,1899467743,6.741215671001555,35.06048990611132,11876,214,35.09174106158544
32,2759,2280,6290520,64,0,25,2079508227,7.767446487996494,35.06632431571995,7935,214,35.09174106158544
32,2759,2280,6290520,64,0,30,2238296370,8.656842080996284,35.069628370851625,6447,214,35.09174106158544
32,2759,2280,6290520,64,0,40,2590084258,10.586909287994786,35.075363668706984,6639,214,35.09174106158544
32,2759,2280,6290520,64,0,50,3010089337,12.740155191000667,35.08188350573798,4194,214,35.09174106158544
32,2759,2280,6290520,64,0,70,3443243830,15.826812819988843,35.0851634295232,2231,214,35.09174106158544
32,2759,2280,6290520,64,0,100,4021849489,20.00231905597684,35.090009588898006,3672,214,35.09174106158544
32,2759,2280,6290520,64,0,150,4532608628,25.68048784898201,35.09166658616116,82,214,35.09174106158544
32,2759,2280,6290520,64,0,200,4770760099,30.189447031985765,35.09173895374594,41,214,35.09174106158544
33,1560,2340,3650400,64,0,1,324824549,0.3781504139988101,34.80986736890665,296484,139,35.14182965464387
33,1560,2340,3650400,64,0,2,395803426,0.6811452439978893,34.88047947240729,152196,139,35.14182965464387
33,1560,2340,3650400,64,0,3,466855704,0.9710380509968672,34.922969768407384,86527,139,35.14182965464387
33,1560,2340,3650400,64,0,5,598361860,1.5367903199985449,34.97930721059906,42003,139,35.14182965464387
33,1560,2340,3650400,64,0,7,713135915,2.0991897439962486,35.01526668111417,30484,139,35.14182965464387
33,1560,2340,3650400,64,0,10,854540773,2.7799705779980286,35.04434251614087,16518,139,35.14182965464387
33,1560,2340,3650400,64,0,15,1027054830,3.634779751999304,35.06472862546212,9066,139,35.14182965464387
33,1560,2340,3650400,64,0,20,1199232334,4.562721432997932,35.07890368427386,7626,139,35.14182965464387
33,1560,2340,3650400,64,0,25,1417613792,5.548212212997896,35.09794110808023,6481,139,35.14182965464387
33,1560,2340,3650400,64,0,30,1601832609,6.477709872997366,35.1128163001294,7528,139,35.14182965464387
33,1560,2340,3650400,64,0,40,1834543089,7.695889980001084,35.12161395529533,2658,139,35.14182965464387
33,1560,2340,3650400,64,0,50,2047781902,8.951441655997769,35.12522210981797,2446,139,35.14182965464387
33,1560,2340,3650400,64,0,70,2789190500,12.387874643005487,35.13807801799017,1745,139,35.14182965464387
33,1560,2340,3650400,64,0,100,3284752763,15.34611410600337,35.14168054132701,249,139,35.14182965464387
34,3291,2186,7194126,64,0,1,642669624,0.6309925249988737,32.41017162573638,616485,149,32.737814078143266
34,3291,2186,7194126,64,0,2,811876690,1.291882789999363,32.48811397871703,295832,149,32.737814078143266
34,3291,2186,7194126,64,0,3,953893163,1.8842946459990344,32.53569607601486,200384,149,32.737814078143266
34,3291,2186,7194126,64,0,5,1209578567,2.936581617999764,32.598618279798345,117483,149,32.737814078143266
34,3291,2186,7194126,64,0,7,1432393781,3.877765326997178,32.63475860523301,88816,149,32.737814078143266
34,3291,2186,7194126,64,0,10,1760927093,5.234530601996084,32.677915692452515,70991,149,32.737814078143266
34,3291,2186,7194126,64,0,15,2079203546,6.886795014997915,32.69559636133715,43267,149,32.737814078143266
34,3291,2186,7194126,64,0,20,2304040087,8.133493268996972,32.70283254214917,24666,149,32.737814078143266
34,3291,2186,7194126,64,0,25,2499146106,9.347497742994165,32.70812117445236,20120,149,32.737814078143266
34,3291,2186,7194126,64,0,30,2684720915,10.55311580799389,32.71223086122086,17400,149,32.737814078143266
34,3291,2186,7194126,64,0,40,3072202573,12.841669988982176,32.719102030419194,14618,149,32.737814078143266
34,3291,2186,7194126,64,0,50,3417823636,14.979201695976371,32.724499113108706,10691,149,32.737814078143266
34,3291,2186,7194126,64,0,70,4125541440,19.433995889983635,32.73306948153929,11561,149,32.737814078143266
34,3291,2186,7194126,64,0,100,5045435886,25.335710195980937,32.737285487179825,1566,149,32.737814078143266
35,1560,2340,3650400,64,0,1,356329321,0.3974682199987001,30.820635864053116,337777,107,31.160127986253286
35,1560,2340,3650400,64,0,2,433555145,0.6828775229987514,30.91997729159825,201052,107,31.160127986253286
35,1560,2340,3650400,64,0,3,523415216,1.0237763359982637,30.97492541640912,145298,107,31.160127986253286
35,1560,2340,3650400,64,0,5,682054984,1.628736440998182,31.039819644183247,91129,107,31.160127986253286
35,1560,2340,3650400,64,0,7,803047098,2.1132700809976086,31.07665525341489,64898,107,31.160127986253286
35,1560,2340,3650400,64,0,10,969719679,2.8506548809928063,31.10326059246057,39983,107,31.160127986253286
35,1560,2340,3650400,64,0,15,1189367227,3.800321855986113,31.119957841974912,24239,107,31.160127986253286
35,1560,2340,3650400,64,0,20,1371003943,4.84834882398718,31.13163577987057,24987,107,31.160127986253286
35,1560,2340,3650400,64,0,25,1562706238,5.822742353986541,31.140172350695625,18162,107,31.160127986253286
35,1560,2340,3650400,64,0,30,1702029896,6.575073025989696,31.1472048237123,16851,107,31.160127986253286
35,1560,2340,3650400,64,0,40,1968437850,8.64804318899769,31.15410257145821,7900,107,31.160127986253286
35,1560,2340,3650400,64,0,50,2160887021,9.982109427994146,31.156993742276423,5847,107,31.160127986253286
35,1560,2340,3650400,64,0,70,2378728286,12.107795088992134,31.15958013704622,3917,107,31.160127986253286
35,1560,2340,3650400,64,0,100,2541996687,14.207040266992408,31.16012787765161,30,107,31.160127986253286
36,1560,2340,3650400,64,0,1,322211847,0.3201720619981643,35.533876837785655,278557,140,35.88312094885558
36,1560,2340,3650400,64,0,2,396499864,0.5726207999978215,35.61851122365979,149946,140,35.88312094885558
36,1560,2340,3650400,64,0,3,463300636,0.8404394059980405,35.66360678883446,102087,140,35.88312094885558
36,1560,2340,3650400,64,0,5,584674172,1.3620769230001315,35.72506025192327,54997,140,35.88312094885558
36,1560,2340,3650400,64,0,7,705829009,1.7799251760006882,35.75567890203287,46921,140,35.88312094885558
36,1560,2340,3650400,64,0,10,827838943,2.338225476003572,35.7824267297645,25371,140,35.88312094885558
36,1560,2340,3650400,64,0,15,1030707930,3.17560578100165,35.80827675963208,19880,140,35.88312094885558
36,1560,2340,3650400,64,0,20,1192557137,3.951648517002468,35.82774024435451,21915,140,35.88312094885558
36,1560,2340,3650400,64,0,25,1336296546,4.661244441005692,35.83982936672705,6917,140,35.88312094885558
36,1560,2340,3650400,64,0,30,1459793097,5.366907222003647,35.84542241051733,7577,140,35.88312094885558
36,1560,2340,3650400,64,0,40,1696239219,6.5324013990029925,35.856545239114794,5569,140,35.88312094885558
36,1560,2340,3650400,64,0,50,1912931747,7.762668156006839,35.86378008326837,7203,140,35.88312094885558
36,1560,2340,3650400,64,0,70,2397247502,10.02599812700646,35.87921090660474,2306,140,35.88312094885558
36,1560,2340,3650400,64,0,100,2714147068,12.36733932401694,35.883044537220854,194,140,35.88312094885558
37,3281,2187,7175547,64,0,1,637496410,0.7806809959984093,36.70213594983448,388423,117,36.97665622391553
37,3281,2187,7175547,64,0,2,759528571,1.4796936329985328,36.76941782545008,258350,117,36.97665622391553
37,3281,2187,7175547,64,0,3,884598455,2.1529009859987127,36.80852094215979,167138,117,36.97665622391553
37,3281,2187,7175547,64,0,5,1112357455,3.1805499399997643,36.845935765714025,88837,117,36.97665622391553
37,3281,2187,7175547,64,0,7,1291414225,4.180662380997092,36.86410080252374,69831,117,36.97665622391553
37,3281,2187,7175547,64,0,10,1506259674,5.214063198996882,36.88132964848303,45913,117,36.97665622391553
37,3281,2187,7175547,64,0,15,1756883424,6.7127715899951,36.8956397907333,28276,117,36.97665622391553
37,3281,2187,7175547,64,0,20,1964153804,8.068539014995622,36.90601047266473,26161,117,36.97665622391553
37,3281,2187,7175547,64,0,25,2181454220,9.350617115993373,36.91635285070997,29641,117,36.97665622391553
37,3281,2187,7175547,64,0,30,2456928168,11.195237073992756,36.93059405882279,28429,117,36.97665622391553
37,3281,2187,7175547,64,0,40,2968002129,13.964696195984288,36.95150591586091,20811,117,36.97665622391553
37,3281,2187,7175547,64,0,50,3482258817,16.82727952298228,36.96782594031716,11535,117,36.97665622391553
37,3281,2187,7175547,64,0,70,4019399441,20.88878068498161,36.97463386446249,3306,117,36.97665622391553
37,3281,2187,7175547,64,0,100,4401206246,24.961032631974376,36.97631100294555,1536,117,36.97665622391553
38,3280,2187,7173360,64,0,1,652643825,0.8907571410018136,34.17929368684493,623598,205,34.505413623211886
38,3280,2187,7173360,64,0,2,797725760,1.5713079330053006,34.24488767931571,270726,205,34.505413623211886
38,3280,2187,7173360,64,0,3,924206887,2.10060244300621,34.27879674828685,193326,205,34.505413623211886
38,3280,2187,7173360,64,0,5,1144439441,3.086312981005904,34.32011722131912,137360,205,34.505413623211886
38,3280,2187,7173360,64,0,7,1384993664,4.264888245008478,34.34944203907722,104378,205,34.505413623211886
38,3280,2187,7173360,64,0,10,1755996081,5.988532647010288,34.38194418955351,91440,205,34.505413623211886
38,3280,2187,7173360,64,0,15,2258717330,8.422152057009953,34.416478368129354,62950,205,34.505413623211886
38,3280,2187,7173360,64,0,20,2702315127,10.704861027010338,34.44142915495432,60104,205,34.505413623211886
38,3280,2187,7173360,64,0,25,3002909620,12.324972944014007,34.45838177935637,42558,205,34.505413623211886
38,3280,2187,7173360,64,0,30,3218412420,13.855104301012034,34.46460973326463,25238,205,34.505413623211886
38,3280,2187,7173360,64,0,40,3666270315,16.67510057000618,34.471837019793654,13973,205,34.505413623211886
38,3280,2187,7173360,64,0,50,4095026487,19.33336007600883,34.47719124194103,9986,205,34.505413623211886
38,3280,2187,7173360,64,0,70,4602560628,23.080478013012907,34.482355447406775,11392,205,34.505413623211886
38,3280,2187,7173360,64,0,100,5287955183,28.44978263701705,34.485456818360575,2591,205,34.505413623211886
38,3280,2187,7173360,64,0,150,6871425876,39.28380282003127,34.49616588234964,3293,205,34.505413623211886
38,3280,2187,7173360,64,0,200,8434773717,49.65355224503946,34.50541212618421,322,205,34.505413623211886
39,3281,2187,7175547,64,0,1,695934069,0.8199192920001224,34.13050994110226,615972,346,34.523513188720194
39,3281,2187,7175547,64,0,2,898261650,1.5192329740020796,34.20738176190437,382159,346,34.523513188720194
39,3281,2187,7175547,64,0,3,1113764904,2.4636486650051665,34.24496064499642,189527,346,34.523513188720194
39,3281,2187,7175547,64,0,5,1540708935,3.972981946008076,34.285201188565935,90771,346,34.523513188720194
39,3281,2187,7175547,64,0,7,1932538016,5.458105008008715,34.31109365645689,100313,346,34.523513188720194
39,3281,2187,7175547,64,0,10,2445267734,7.332926268009032,34.3408527070566,43853,346,34.523513188720194
39,3281,2187,7175547,64,0,15,3319560142,10.539768892009306,34.374791703030056,30917,346,34.523513188720194
39,3281,2187,7175547,64,0,20,4177835602,13.548956171012833,34.407226309609456,33034,346,34.523513188720194
39,3281,2187,7175547,64,0,25,4901053896,16.331908656015003,34.434218506373135,31054,346,34.523513188720194
39,3281,2187,7175547,64,0,30,5446250100,18.588079856013792,34.44783694044851,19024,346,34.523513188720194
39,3281,2187,7175547,64,0,40,6233426237,21.993325401010225,34.46088154883298,26357,346,34.523513188720194
39,3281,2187,7175547,64,0,50,6687258992,24.56878745501308,34.46672372817637,7936,346,34.523513188720194
39,3281,2187,7175547,64,0,70,7775679523,30.004769657021825,34.478446070670074,9656,346,34.523513188720194
39,3281,2187,7175547,64,0,100,9196295015,37.23134844702872,34.487812626919435,4997,346,34.523513188720194
39,3281,2187,7175547,64,0,150,12678139468,53.2116010160571,34.51834929551047,17995,346,34.523513188720194
39,3281,2187,7175547,64,0,200,13911073267,62.22753175508478,34.51974336742127,866,346,34.523513188720194
39,3281,2187,7175547,64,0,300,16006230646,77.3517390371162,34.523385560990405,449,346,34.523513188720194
40,3280,2187,7173360,64,0,1,623647730,0.597429760000523,32.2889665464992,528437,233,32.63135730254697
40,3280,2187,7173360,64,0,2,749517131,1.2015039050020278,32.432475891035814,293226,233,32.63135730254697
40,3280,2187,7173360,64,0,3,890836307,1.709830845000397,32.48856686826214,178960,233,32.63135730254697
40,3280,2187,7173360,64,0,5,1074355421,2.5295446179989085,32.53080752876865,81894,233,32.63135730254697
40,3280,2187,7173360,64,0,7,1244931982,3.3308990520017687,32.54904481247304,61289,233,32.63135730254697
40,3280,2187,7173360,64,0,10,1433450483,4.23173880100876,32.56380713762789,38217,233,32.63135730254697
40,3280,2187,7173360,64,0,15,1747434172,5.877199120004661,32.5802449642635,29546,233,32.63135730254697
40,3280,2187,7173360,64,0,20,2054595233,7.517051144001016,32.59373186320042,22963,233,32.63135730254697
40,3280,2187,7173360,64,0,25,2248634068,8.618617250005627,32.59939080717003,16198,233,32.63135730254697
40,3280,2187,7173360,64,0,30,2408806648,9.635186487997998,32.602728469363235,11233,233,32.63135730254697
40,3280,2187,7173360,64,0,40,2681797058,11.496380634995148,32.60646397235347,6508,233,32.63135730254697
40,3280,2187,7173360,64,0,50,2970517315,13.386204893999093,32.60986746361654,7841,233,32.63135730254697
40,3280,2187,7173360,64,0,70,3486883938,17.168937825990724,32.61445098235567,4357,233,32.63135730254697
40,3280,2187,7173360,64,0,100,3890187628,21.298611598995198,32.615566185494906,2067,233,32.63135730254697
40,3280,2187,7173360,64,0,150,4482455283,28.42705396899328,32.616935005158055,2166,233,32.63135730254697
40,3280,2187,7173360,64,0,200,6088568148,38.584302595991176,32.63112570848702,2079,233,32.63135730254697
41,1707,2273,3880011,64,0,1,365007402,0.4061161539975728,31.645271046857083,334922,260,32.01049796421538
41,1707,2273,3880011,64,0,2,439254582,0.7012237290000485,31.727142429511854,191861,260,32.01049796421538
41,1707,2273,3880011,64,0,3,524805513,1.051123708999512,31.778575737851146,146351,260,32.01049796421538
41,1707,2273,3880011,64,0,5,676865698,1.63785899600407,31.8419514377849,88513,260,32.01049796421538
41,1707,2273,3880011,64,0,7,799798668,2.149301744004333,31.876312419069205,67428,260,32.01049796421538
41,1707,2273,3880011,64,0,10,931708206,2.807810299003904,31.903768807066758,51748,260,32.01049796421538
41,1707,2273,3880011,64,0,15,1154553600,3.926004572003876,31.930764433003887,36480,260,32.01049796421538
41,1707,2273,3880011,64,0,20,1330945272,4.794432713006245,31.947775566447515,28721,260,32.01049796421538
41,1707,2273,3880011,64,0,25,1525754717,5.735884077006631,31.9623424855433,21301,260,32.01049796421538
41,1707,2273,3880011,64,0,30,1674760297,6.555215503009094,31.97105956486933,19188,260,32.01049796421538
41,1707,2273,3880011,64,0,40,1899057450,7.896669159013982,31.981070509770603,10983,260,32.01049796421538
41,1707,2273,3880011,64,0,50,2060158724,9.02749368500008,31.985993134587854,10633,260,32.01049796421538
41,1707,2273,3880011,64,0,70,2386393472,11.35823998901833,31.99236662067524,8835,260,32.01049796421538
41,1707,2273,3880011,64,0,100,2950646418,14.975481405028404,32.00634519335286,5072,260,32.01049796421538
41,1707,2273,3880011,64,0,150,3422237748,19.11667824602773,32.008886168465445,3237,260,32.01049796421538
41,1707,2273,3880011,64,0,200,3768849111,22.965030048013432,32.01027489358655,608,260,32.01049796421538
42,3286,2187,7186482,64,0,1,633084951,0.695443296997837,39.85690234982976,515978,449,40.14726310896474
42,3286,2187,7186482,64,0,2,806235554,1.398480607997044,39.9381723020506,259036,449,40.14726310896474
42,3286,2187,7186482,64,0,3,977574720,2.015056021995406,39.9935001781494,189949,449,40.14726310896474
42,3286,2187,7186482,64,0,5,1297546842,3.170772159995977,40.06459721489429,74291,449,40.14726310896474
42,3286,2187,7186482,64,0,7,1543824004,4.134016273997986,40.08358947396609,45081,449,40.14726310896474
42,3286,2187,7186482,64,0,10,1825610372,5.267814558999817,40.097736808981786,17904,449,40.14726310896474
42,3286,2187,7186482,64,0,15,2232378263,6.936260368995136,40.10653064934196,10265,449,40.14726310896474
42,3286,2187,7186482,64,0,20,2540481732,8.479243224992388,40.109931553013865,5386,449,40.14726310896474
42,3286,2187,7186482,64,0,25,2854930085,9.97588425298818,40.11314938047717,4825,449,40.14726310896474
42,3286,2187,7186482,64,0,30,3130075339,11.351413951986617,40.11512072603762,2638,449,40.14726310896474
42,3286,2187,7186482,64,0,40,3718475389,13.98054044998571,40.11917321289588,1912,449,40.14726310896474
42,3286,2187,7186482,64,0,50,4366032386,16.92495531098757,40.12578188387273,2294,449,40.14726310896474
42,3286,2187,7186482,64,0,70,5318918016,21.73497695197875,40.1312192056364,692,449,40.14726310896474
42,3286,2187,7186482,64,0,100,6330135601,27.66048148097616,40.1336429953946,284,449,40.14726310896474
42,3286,2187,7186482,64,0,150,7852126672,36.78438608697252,40.13545999831675,567,449,40.14726310896474
42,3286,2187,7186482,64,0,200,9301477682,45.398452196976,40.13698318513232,174,449,40.14726310896474
42,3286,2187,7186482,64,0,300,12484900109,64.15280266098125,40.14101306042379,533,449,40.14726310896474
43,1562,2334,3645708,64,0,1,337915733,0.4009208320021571,32.44546831504552,281987,297,32.78828106863314
43,1562,2334,3645708,64,0,2,416913644,0.7314558500002022,32.53622086412415,169102,297,32.78828106863314
43,1562,2334,3645708,64,0,3,487935236,1.039474250999774,32.58296085946226,129928,297,32.78828106863314
43,1562,2334,3645708,64,0,5,592405098,1.562567572000262,32.6285928425306,72030,297,32.78828106863314
43,1562,2334,3645708,64,0,7,683927219,1.992346783998073,32.653213014598904,59433,297,32.78828106863314
43,1562,2334,3645708,64,0,10,819159813,2.725062339995929,32.6745343401459,33964,297,32.78828106863314
43,1562,2334,3645708,64,0,15,1063429820,3.906634797000152,32.706563812358134,28793,297,32.78828106863314
43,1562,2334,3645708,64,0,20,1260712964,4.875928067005589,32.72291857009724,14862,297,32.78828106863314
43,1562,2334,3645708,64,0,25,1438590163,5.869055962004495,32.73325253306876,11283,297,32.78828106863314
43,1562,2334,3645708,64,0,30,1580940836,6.606307675003336,32.74085162337997,8542,297,32.78828106863314
43,1562,2334,3645708,64,0,40,1830887810,7.991385316996457,32.750870737483034,6545,297,32.78828106863314
43,1562,2334,3645708,64,0,50,2026137362,9.132906014998298,32.75554187406581,3346,297,32.78828106863314
43,1562,2334,3645708,64,0,70,2353317371,11.191867476009064,32.759516543925955,3106,297,32.78828106863314
43,1562,2334,3645708,64,0,100,2991563084,15.052864848010358,32.76957955052187,4206,297,32.78828106863314
43,1562,2334,3645708,64,0,150,3742733834,20.0810550200149,32.7839565696744,1360,297,32.78828106863314
43,1562,2334,3645708,64,0,200,4204387541,24.134441048019653,32.78747139044577,1105,297,32.78828106863314
44,1567,2312,3622904,64,0,1,336561432,0.3766995759979181,38.2438513811984,398847,44,38.54439185084193
44,1567,2312,3622904,64,0,2,412657489,0.673267964997649,38.348265015885175,182316,44,38.54439185084193
44,1567,2312,3622904,64,0,3,473273812,0.9627046389978204,38.39589453567429,93921,44,38.54439185084193
44,1567,2312,3622904,64,0,5,595973140,1.4731081959980656,38.44346862999981,46964,44,38.54439185084193
44,1567,2312,3622904,64,0,7,708858273,1.9635543580006924,38.4751628948794,34975,44,38.54439185084193
44,1567,2312,3622904,64,0,10,848207024,2.5577751680029905,38.495874779727416,16922,44,38.54439185084193
44,1567,2312,3622904,64,0,15,1127741354,3.683792234005523,38.52956415407695,10723,44,38.54439185084193
44,1567,2312,3622904,64,0,20,1354831221,4.841314807010349,38.54191318999405,3629,44,38.54439185084193
44,1567,2312,3622904,64,0,25,1449926525,5.423722857009125,38.54379877730948,1360,44,38.54439185084193
44,1567,2312,3622904,64,0,30,1517836945,5.897749258005206,38.54421742923666,584,44,38.54439185084193
44,1567,2312,3622904,64,0,40,1586962368,6.679219926998485,38.54438604518179,334,44,38.54439185084193
45,1558,2352,3664416,64,0,1,334119205,0.3692966550006531,36.529317268433445,244965,125,36.85921461351311
45,1558,2352,3664416,64,0,2,423204289,0.6948734170000535,36.60340156697914,119839,125,36.85921461351311
45,1558,2352,3664416,64,0,3,495046242,0.9767187449979248,36.64712812684856,81256,125,36.85921461351311
45,1558,2352,3664416,64,0,5,662795898,1.7057605580012023,36.7109500115395,62032,125,36.85921461351311
45,1558,2352,3664416,64,0,7,810768287,2.329430087003857,36.75245816363307,50901,125,36.85921461351311
45,1558,2352,3664416,64,0,10,979689393,3.118281962004403,36.7944802021992,31969,125,36.85921461351311
45,1558,2352,3664416,64,0,15,1292973567,4.372620930007543,36.83142802617627,19715,125,36.85921461351311
45,1558,2352,3664416,64,0,20,1593395648,5.55073086700213,36.84757168546228,12980,125,36.85921461351311
45,1558,2352,3664416,64,0,25,1814148884,6.551923706003436,36.85190410236015,4277,125,36.85921461351311
45,1558,2352,3664416,64,0,30,1984933819,7.353949724005361,36.85353806120262,1788,125,36.85921461351311
45,1558,2352,3664416,64,0,40,2256873076,8.7773153080052,36.85605032172764,1295,125,36.85921461351311
45,1558,2352,3664416,64,0,50,2493928830,10.15004300000146,36.8579087443504,1436,125,36.85921461351311
45,1558,2352,3664416,64,0,70,2752138305,11.992602214006183,36.858840596540645,184,125,36.85921461351311
45,1558,2352,3664416,64,0,100,3071451590,14.487145874005364,36.85906414595989,139,125,36.85921461351311
46,1560,2340,3650400,64,0,1,306813674,0.342478040001879,34.3208500600356,296578,109,34.61125284453738
46,1560,2340,3650400,64,0,2,362410824,0.5870516820032208,34.40697272008186,120547,109,34.61125284453738
46,1560,2340,3650400,64,0,3,411766018,0.7870420010040107,34.44763508522427,80548,109,34.61125284453738
46,1560,2340,3650400,64,0,5,496103792,1.1509936960028426,34.48718591374319,50321,109,34.61125284453738
46,1560,2340,3650400,64,0,7,571409240,1.5065229089996135,34.5071378207119,51277,109,34.61125284453738
46,1560,2340,3650400,64,0,10,645034262,1.9228509739987203,34.528527562356686,40834,109,34.61125284453738
46,1560,2340,3650400,64,0,15,767901192,2.582035738996637,34.543783647360016,23132,109,34.61125284453738
46,1560,2340,3650400,64,0,20,902679384,3.2679286429993226,34.55461087818329,6832,109,34.61125284453738
46,1560,2340,3650400,64,0,25,1053049260,4.054537983000046,34.563583916607755,4914,109,34.61125284453738
46,1560,2340,3650400,64,0,30,1228933816,4.833312593997107,34.57690871659309,5347,109,34.61125284453738
46,1560,2340,3650400,64,0,40,1466338658,5.962772197999584,34.58703923384725,2952,109,34.61125284453738
46,1560,2340,3650400,64,0,50,1722213983,7.269372967999516,34.59847605868175,3789,109,34.61125284453738
46,1560,2340,3650400,64,0,70,2076609960,9.425927366999533,34.609340029756424,1200,109,34.61125284453738
46,1560,2340,3650400,64,0,100,2324531846,11.642109124983108,34.61122497889873,290,109,34.61125284453738
47,1706,2274,3879444,64,0,1,339567787,0.3335293370000727,34.89838022502249,242173,76,35.042688726029105
47,1706,2274,3879444,64,0,2,415304246,0.6157790839970403,34.9459183723219,98853,76,35.042688726029105
47,1706,2274,3879444,64,0,3,467883364,0.8421748979963013,34.96557895124103,57054,76,35.042688726029105
47,1706,2274,3879444,64,0,5,568390647,1.2833567549932925,34.98381688457776,30722,76,35.042688726029105
47,1706,2274,3879444,64,0,7,637429790,1.621368027990684,34.99300409496048,23336,76,35.042688726029105
47,1706,2274,3879444,64,0,10,765870710,2.1987558099899616,35.00373031601202,14240,76,35.042688726029105
47,1706,2274,3879444,64,0,15,1007418487,3.2043557899924053,35.0210691822295,7628,76,35.042688726029105
47,1706,2274,3879444,64,0,20,1213185791,4.207865514992591,35.033868946870975,5458,76,35.042688726029105
47,1706,2274,3879444,64,0,25,1352227078,4.914145546994405,35.03866072079714,7275,76,35.042688726029105
47,1706,2274,3879444,64,0,30,1444181466,5.432156750990544,35.04076836193469,2816,76,35.042688726029105
47,1706,2274,3879444,64,0,40,1574596051,6.373778090990527,35.04206081874954,1598,76,35.042688726029105
47,1706,2274,3879444,64,0,50,1659128876,7.167800380993867,35.04257493614451,481,76,35.042688726029105
47,1706,2274,3879444,64,0,70,1756669209,8.360237939996296,35.04268818452836,46,76,35.042688726029105
48,3281,2187,7175547,64,0,1,682152508,0.9241089540009852,35.05557995590456,545205,99,35.36703133829548
48,3281,2187,7175547,64,0,2,844905326,1.6330003990005937,35.10948298701485,282648,99,35.36703133829548
48,3281,2187,7175547,64,0,3,1019935551,2.3803436779999174,35.138880599986265,184241,99,35.36703133829548
48,3281,2187,7175547,64,0,5,1325517013,3.6941763260001608,35.17667719035006,140548,99,35.36703133829548
48,3281,2187,7175547,64,0,7,1572803669,4.804463045999,35.20220656497151,115533,99,35.36703133829548
48,3281,2187,7175547,64,0,10,1942373429,6.394549621993065,35.228517880454895,93670,99,35.36703133829548
48,3281,2187,7175547,64,0,15,2604199247,9.152725368992831,35.269529984241885,74179,99,35.36703133829548
48,3281,2187,7175547,64,0,20,3316590385,12.136092441989604,35.306307666578945,60706,99,35.36703133829548
48,3281,2187,7175547,64,0,25,3856999132,14.504499796992604,35.32561143605876,41042,99,35.36703133829548
48,3281,2187,7175547,64,0,30,4257451167,16.461008189995482,35.33693819128976,31988,99,35.36703133829548
48,3281,2187,7175547,64,0,40,4863952486,19.539435077000235,35.348956329299284,25998,99,35.36703133829548
48,3281,2187,7175547,64,0,50,5367842801,22.372977957998955,35.35755067447669,18401,99,35.36703133829548
48,3281,2187,7175547,64,0,70,5988305164,26.573918710004364,35.36530057733061,21087,99,35.36703133829548
49,1560,2340,3650400,64,0,1,345287427,0.4192864129981899,34.34886514174061,278299,102,34.62701401810784
49,1560,2340,3650400,64,0,2,445119369,0.8947159919989645,34.426605633825936,159257,102,34.62701401810784
49,1560,2340,3650400,64,0,3,529716997,1.22508239599847,34.46583405274343,121609,102,34.62701401810784
49,1560,2340,3650400,64,0,5,690121171,2.057591061999119,34.51482626614276,75053,102,34.62701401810784
49,1560,2340,3650400,64,0,7,850457151,2.9483887329988647,34.54223626310002,44905,102,34.62701401810784
49,1560,2340,3650400,64,0,10,1063213927,3.9002231099984783,34.56739265694987,32959,102,34.62701401810784
49,1560,2340,3650400,64,0,15,1358485901,5.272958948997257,34.593906012405505,33396,102,34.62701401810784
49,1560,2340,3650400,64,0,20,1571629491,6.518502821996663,34.6058501747923,13343,102,34.62701401810784
49,1560,2340,3650400,64,0,25,1721020216,7.289603779998288,34.61232465330796,18353,102,34.62701401810784
49,1560,2340,3650400,64,0,30,1851010202,8.065251292002358,34.61565813218658,4675,102,34.62701401810784
49,1560,2340,3650400,64,0,40,2101248329,9.395288029005314,34.62125591973204,7435,102,34.62701401810784
49,1560,2340,3650400,64,0,50,2325587379,10.633223185013776,34.62437546073862,5450,102,34.62701401810784
49,1560,2340,3650400,64,0,70,2620163810,12.80611681701339,34.62676006771626,462,102,34.62701401810784
49,1560,2340,3650400,64,0,100,2818941145,15.065709840015188,34.627014009720995,4,102,34.62701401810784
50,1225,2280,2793000,64,0,1,244465013,0.2401731700010714,31.561013116632488,182608,73,31.958584174185297
50,1225,2280,2793000,64,0,2,299830233,0.4652772750014264,31.654318831151343,119916,73,31.958584174185297
50,1225,2280,2793000,64,0,3,355423486,0.6733800600013637,31.721659786215408,105130,73,31.958584174185297
50,1225,2280,2793000,64,0,5,434093827,1.0007509080023738,31.799396490659127,69942,73,31.958584174185297
50,1225,2280,2793000,64,0,7,495716828,1.2760818980023032,31.83725347351208,47714,73,31.958584174185297
50,1225,2280,2793000,64,0,10,602662304,1.7737733569992995,31.87763678649608,40216,73,31.958584174185297
50,1225,2280,2793000,64,0,15,740242105,2.4731473030005877,31.921192039916704,24293,73,31.958584174185297
50,1225,2280,2793000,64,0,20,877924351,3.0908214560040506,31.94451933087585,11629,73,31.958584174185297
50,1225,2280,2793000,64,0,25,987522964,3.659197433000372,31.95222541218225,6802,73,31.958584174185297
50,1225,2280,2793000,64,0,30,1063519406,4.115725701001793,31.95431880398676,3587,73,31.958584174185297
50,1225,2280,2793000,64,0,40,1218352721,5.009938122999301,31.957989200170243,1789,73,31.958584174185297
50,1225,2280,2793000,64,0,50,1283715837,5.611184410008718,31.958568332499908,148,73,31.958584174185297
50,1225,2280,2793000,64,0,70,1328792816,6.433741188018757,31.958584018254697,7,73,31.958584174185297
