procedure,T,cost,error,dominated_by,oracle_err_at_cost,oracle_cost_for_err,excess_error,cost_ratio,regime,sep,seed,eta,instance
markov-kmeans 0.2.0,66,0.7314420783970044,0.001986,markov-kmeans 0.1.0,0.0018,0.7165481890472125,0.00018599999999999997,1.0207856074126656,exact,1.5,0,0.0,exact-sep1.5-s0
markov-kmeans 0.1.0,66,0.7288931864204375,0.001986,,0.001865,0.7165481890472125,0.00012100000000000001,1.0172284258922488,exact,1.5,0,0.0,exact-sep1.5-s0
sklearn tol,60,0.6868194258225357,0.002343,,0.002343,0.6868194258225357,0.0,1.0,exact,1.5,0,0.0,exact-sep1.5-s0
Perez-Ortega,3,0.25732452269742545,0.035644,,0.035644,0.25732452269742545,0.0,1.0,exact,1.5,0,0.0,exact-sep1.5-s0
fixed 20,20,0.4984090144447707,0.007777,,0.007777,0.4984090144447707,0.0,1.0,exact,1.5,0,0.0,exact-sep1.5-s0
fixed 25 (faiss),25,0.5197059702290382,0.007127,,0.007127,0.5197059702290382,0.0,1.0,exact,1.5,0,0.0,exact-sep1.5-s0
fixed 50,50,0.6406746816340435,0.003418,,0.003418,0.6406746816340435,0.0,1.0,exact,1.5,0,0.0,exact-sep1.5-s0
full run,145,1.0,0.0,,0.0,0.997067459249446,0.0,1.0029411658392318,exact,1.5,0,0.0,exact-sep1.5-s0
markov-kmeans 0.2.0,149,0.8429073348619673,0.003944,markov-kmeans 0.1.0,0.002771,0.8070741472496076,0.0011729999999999996,1.0443988792535037,exact,1.5,1,0.0,exact-sep1.5-s1
markov-kmeans 0.1.0,149,0.8221579862634436,0.003944,,0.003528,0.8070741472496076,0.0004159999999999997,1.018689533130555,exact,1.5,1,0.0,exact-sep1.5-s1
sklearn tol,87,0.6587143090880351,0.009777,,0.009777,0.6587143090880351,0.0,1.0,exact,1.5,1,0.0,exact-sep1.5-s1
Perez-Ortega,4,0.2744519392534858,0.098967,,0.098967,0.2744519392534858,0.0,1.0,exact,1.5,1,0.0,exact-sep1.5-s1
fixed 20,20,0.47679388947658186,0.022056,,0.022056,0.47679388947658186,0.0,1.0,exact,1.5,1,0.0,exact-sep1.5-s1
fixed 25 (faiss),25,0.4920636124559081,0.020416,,0.020416,0.4920636124559081,0.0,1.0,exact,1.5,1,0.0,exact-sep1.5-s1
fixed 50,50,0.5607923899374682,0.0147,,0.0147,0.5607923899374682,0.0,1.0,exact,1.5,1,0.0,exact-sep1.5-s1
full run,236,1.0,0.0,,0.0,0.9983756146328061,0.0,1.0016270282881372,exact,1.5,1,0.0,exact-sep1.5-s1
markov-kmeans 0.2.0,49,0.4320301291880774,0.006233,"markov-kmeans 0.1.0, fixed 50",0.006134,0.41919655136470146,9.900000000000013e-05,1.0306147027727113,exact,2.0,0,0.0,exact-sep2.0-s0
markov-kmeans 0.1.0,49,0.42761613038494495,0.006233,fixed 50,0.006182,0.41919655136470146,5.099999999999983e-05,1.0200850388507094,exact,2.0,0,0.0,exact-sep2.0-s0
sklearn tol,33,0.3571242860549027,0.007548,,0.007548,0.3571242860549027,0.0,1.0,exact,2.0,0,0.0,exact-sep2.0-s0
Perez-Ortega,2,0.092037426099266,0.054701,,0.054701,0.092037426099266,0.0,1.0,exact,2.0,0,0.0,exact-sep2.0-s0
fixed 20,20,0.30512599781831967,0.009233,,0.009233,0.30512599781831967,0.0,1.0,exact,2.0,0,0.0,exact-sep2.0-s0
fixed 25 (faiss),25,0.32508130691690856,0.008582,,0.008582,0.32508130691690856,0.0,1.0,exact,2.0,0,0.0,exact-sep2.0-s0
fixed 50,50,0.4235754004679635,0.006182,,0.006182,0.4235754004679635,0.0,1.0,exact,2.0,0,0.0,exact-sep2.0-s0
full run,216,1.0,0.0,,0.0,0.9970466301027155,0.0,1.0029621181277952,exact,2.0,0,0.0,exact-sep2.0-s0
markov-kmeans 0.2.0,72,0.8405741355541593,0.002477,markov-kmeans 0.1.0,0.00213,0.8218366665271439,0.0003470000000000001,1.0227995048045189,exact,2.0,1,0.0,exact-sep2.0-s1
markov-kmeans 0.1.0,72,0.8392803355002971,0.002477,,0.00222,0.8218366665271439,0.00025699999999999985,1.0212252259890828,exact,2.0,1,0.0,exact-sep2.0-s1
sklearn tol,64,0.792156724531786,0.003128,,0.003128,0.792156724531786,0.0,1.0,exact,2.0,1,0.0,exact-sep2.0-s1
Perez-Ortega,2,0.08544810451603066,0.091435,,0.091435,0.08544810451603066,0.0,1.0,exact,2.0,1,0.0,exact-sep2.0-s1
fixed 20,20,0.2999407476182825,0.070421,,0.070421,0.2999407476182825,0.0,1.0,exact,2.0,1,0.0,exact-sep2.0-s1
fixed 25 (faiss),25,0.333422369250848,0.06858,,0.06858,0.333422369250848,0.0,1.0,exact,2.0,1,0.0,exact-sep2.0-s1
fixed 50,50,0.5005077425960655,0.057942,,0.057942,0.5005077425960655,0.0,1.0,exact,2.0,1,0.0,exact-sep2.0-s1
full run,133,1.0,0.0,,0.0,0.9974665069544256,0.0,1.0025399279353349,exact,2.0,1,0.0,exact-sep2.0-s1
markov-kmeans 0.2.0,13,0.0577893752380323,0.000937,markov-kmeans 0.1.0,0.000923,0.05770656954730802,1.4000000000000015e-05,1.0014349439132124,minibatch,1.5,0,0.0,minibatch-sep1.5-s0
markov-kmeans 0.1.0,13,0.05778260323645865,0.000933,,0.000923,0.05770656954730802,1.0000000000000026e-05,1.0013175915627475,minibatch,1.5,0,0.0,minibatch-sep1.5-s0
sklearn tol,5,0.021557552658735372,0.001386,,0.001386,0.021557552658735372,0.0,1.0,minibatch,1.5,0,0.0,minibatch-sep1.5-s0
Perez-Ortega,2,0.008401192884700431,0.002136,,0.002136,0.008401192884700431,0.0,1.0,minibatch,1.5,0,0.0,minibatch-sep1.5-s0
fixed 20,20,0.09098998496359705,0.000751,,0.000751,0.09098998496359705,0.0,1.0,minibatch,1.5,0,0.0,minibatch-sep1.5-s0
fixed 25 (faiss),25,0.12439221989529001,0.000645,,0.000645,0.12439221989529001,0.0,1.0,minibatch,1.5,0,0.0,minibatch-sep1.5-s0
fixed 50,50,0.28885019325380135,0.000393,,0.000393,0.28885019325380135,0.0,1.0,minibatch,1.5,0,0.0,minibatch-sep1.5-s0
full run,200,1.0,4.2e-05,,1e-06,0.7681300591907629,4.1e-05,1.301862865584919,minibatch,1.5,0,0.0,minibatch-sep1.5-s0
markov-kmeans 0.2.0,13,0.06063661771569616,0.000957,,0.000951,0.06039823516834279,5.999999999999929e-06,1.003946846239612,minibatch,2.0,0,0.0,minibatch-sep2.0-s0
markov-kmeans 0.1.0,13,0.060637018058014164,0.000957,markov-kmeans 0.2.0,0.000951,0.06039823516834279,5.999999999999929e-06,1.0039534746173597,minibatch,2.0,0,0.0,minibatch-sep2.0-s0
sklearn tol,5,0.0235147647655773,0.001431,,0.001431,0.0235147647655773,0.0,1.0,minibatch,2.0,0,0.0,minibatch-sep2.0-s0
Perez-Ortega,2,0.010811812951145201,0.002004,,0.002004,0.010811812951145201,0.0,1.0,minibatch,2.0,0,0.0,minibatch-sep2.0-s0
fixed 20,20,0.09386017956469499,0.000766,,0.000766,0.09386017956469499,0.0,1.0,minibatch,2.0,0,0.0,minibatch-sep2.0-s0
fixed 25 (faiss),25,0.11976307976665927,0.000689,,0.000689,0.11976307976665927,0.0,1.0,minibatch,2.0,0,0.0,minibatch-sep2.0-s0
fixed 50,50,0.24393894084408252,0.000435,,0.000435,0.24393894084408252,0.0,1.0,minibatch,2.0,0,0.0,minibatch-sep2.0-s0
full run,200,1.0,4.1e-05,,1e-06,0.7904984860149176,4e-05,1.265024560693629,minibatch,2.0,0,0.0,minibatch-sep2.0-s0
markov-kmeans 0.2.0,123,0.7020422497629206,0.000459,,0.000684,,-0.00022500000000000005,,minibatch_const,1.5,0,0.0002,minibatch_const-sep1.5-s0-eta0.0002
markov-kmeans 0.1.0,200,1.000938026964532,0.000275,,0.000545,,-0.00027,,minibatch_const,1.5,0,0.0002,minibatch_const-sep1.5-s0-eta0.0002
sklearn tol,200,1.0,0.000564,markov-kmeans 0.2.0,0.000545,0.8049973721489615,1.9000000000000028e-05,1.2422400800271856,minibatch_const,1.5,0,0.0002,minibatch_const-sep1.5-s0-eta0.0002
Perez-Ortega,3,0.019508881054614482,0.040998,,0.040998,0.019508881054614482,0.0,1.0,minibatch_const,1.5,0,0.0002,minibatch_const-sep1.5-s0-eta0.0002
fixed 20,20,0.12812638935908446,0.010271,,0.010271,0.12812638935908446,0.0,1.0,minibatch_const,1.5,0,0.0002,minibatch_const-sep1.5-s0-eta0.0002
fixed 25 (faiss),25,0.16018190953197592,0.009239,,0.009239,0.16018190953197592,0.0,1.0,minibatch_const,1.5,0,0.0002,minibatch_const-sep1.5-s0-eta0.0002
fixed 50,50,0.31101018135203173,0.005191,,0.005191,0.31101018135203173,0.0,1.0,minibatch_const,1.5,0,0.0002,minibatch_const-sep1.5-s0-eta0.0002
full run,200,1.0,0.000564,markov-kmeans 0.2.0,0.000545,0.8049973721489615,1.9000000000000028e-05,1.2422400800271856,minibatch_const,1.5,0,0.0002,minibatch_const-sep1.5-s0-eta0.0002
markov-kmeans 0.2.0,94,0.47468817424773974,0.00124,,0.001226,0.4609075007587847,1.3999999999999907e-05,1.0298990002685313,minibatch_const,2.0,0,0.0002,minibatch_const-sep2.0-s0-eta0.0002
markov-kmeans 0.1.0,200,1.0008380536121273,0.000198,,0.000277,,-7.900000000000002e-05,,minibatch_const,2.0,0,0.0002,minibatch_const-sep2.0-s0-eta0.0002
sklearn tol,200,1.0,0.00036,,0.000277,0.7935475597498342,8.300000000000001e-05,1.2601639154624205,minibatch_const,2.0,0,0.0002,minibatch_const-sep2.0-s0-eta0.0002
Perez-Ortega,2,0.014466056429800254,0.054098,,0.054098,0.014466056429800254,0.0,1.0,minibatch_const,2.0,0,0.0002,minibatch_const-sep2.0-s0-eta0.0002
fixed 20,20,0.1311950936422388,0.011293,,0.011293,0.1311950936422388,0.0,1.0,minibatch_const,2.0,0,0.0002,minibatch_const-sep2.0-s0-eta0.0002
fixed 25 (faiss),25,0.15197667887846603,0.009142,,0.009142,0.15197667887846603,0.0,1.0,minibatch_const,2.0,0,0.0002,minibatch_const-sep2.0-s0-eta0.0002
fixed 50,50,0.2678173265922675,0.004238,,0.004238,0.2678173265922675,0.0,1.0,minibatch_const,2.0,0,0.0002,minibatch_const-sep2.0-s0-eta0.0002
full run,200,1.0,0.00036,,0.000277,0.7935475597498342,8.300000000000001e-05,1.2601639154624205,minibatch_const,2.0,0,0.0002,minibatch_const-sep2.0-s0-eta0.0002
markov-kmeans 0.2.0,124,0.5483027490384446,0.00297,,0.003237,0.5843042442088986,-0.0002669999999999999,0.9383857031208165,minibatch_const,1.5,1,0.0002,minibatch_const-sep1.5-s1-eta0.0002
markov-kmeans 0.1.0,200,1.0004279370786104,0.001191,,0.001142,0.8176913379242913,4.9e-05,1.223478702389334,minibatch_const,1.5,1,0.0002,minibatch_const-sep1.5-s1-eta0.0002
sklearn tol,200,1.0,0.001773,,0.001142,0.7088027463693355,0.000631,1.4108297479408052,minibatch_const,1.5,1,0.0002,minibatch_const-sep1.5-s1-eta0.0002
Perez-Ortega,3,0.01001901294548282,0.093461,,0.093461,0.01001901294548282,0.0,1.0,minibatch_const,1.5,1,0.0002,minibatch_const-sep1.5-s1-eta0.0002
fixed 20,20,0.0782796733510763,0.022097,,0.022097,0.0782796733510763,0.0,1.0,minibatch_const,1.5,1,0.0002,minibatch_const-sep1.5-s1-eta0.0002
fixed 25 (faiss),25,0.09601745860714449,0.019701,,0.019701,0.09601745860714449,0.0,1.0,minibatch_const,1.5,1,0.0002,minibatch_const-sep1.5-s1-eta0.0002
fixed 50,50,0.20055333622198482,0.011535,,0.011535,0.20055333622198482,0.0,1.0,minibatch_const,1.5,1,0.0002,minibatch_const-sep1.5-s1-eta0.0002
full run,200,1.0,0.001773,,0.001142,0.7088027463693355,0.000631,1.4108297479408052,minibatch_const,1.5,1,0.0002,minibatch_const-sep1.5-s1-eta0.0002
markov-kmeans 0.2.0,20,0.12559799805480132,0.003203,,0.003965,0.36903527344226306,-0.0007619999999999997,0.34034144455421983,minibatch_const,1.5,0,0.001,minibatch_const-sep1.5-s0-eta0.001
markov-kmeans 0.1.0,200,1.0004527430012589,0.001764,,0.002206,,-0.0004420000000000001,,minibatch_const,1.5,0,0.001,minibatch_const-sep1.5-s0-eta0.001
sklearn tol,200,1.0,0.002792,,0.002206,0.4419667501628834,0.0005860000000000001,2.2626136460072117,minibatch_const,1.5,0,0.001,minibatch_const-sep1.5-s0-eta0.001
Perez-Ortega,2,0.013669800482734175,0.039058,,0.039058,0.013669800482734175,0.0,1.0,minibatch_const,1.5,0,0.001,minibatch_const-sep1.5-s0-eta0.001
fixed 20,20,0.12553717382642407,0.004223,,0.003965,0.08528069757347179,0.0002580000000000004,1.472046751473511,minibatch_const,1.5,0,0.001,minibatch_const-sep1.5-s0-eta0.001
fixed 25 (faiss),25,0.15373735613654818,0.004319,"markov-kmeans 0.2.0, fixed 20",0.003909,0.08528069757347179,0.0004099999999999998,1.802721606540554,minibatch_const,1.5,0,0.001,minibatch_const-sep1.5-s0-eta0.001
fixed 50,50,0.29526333956660933,0.004562,"markov-kmeans 0.2.0, fixed 20, fixed 25 (faiss)",0.003418,0.07979298565676848,0.001144,3.700367107914622,minibatch_const,1.5,0,0.001,minibatch_const-sep1.5-s0-eta0.001
full run,200,1.0,0.002792,,0.002206,0.4419667501628834,0.0005860000000000001,2.2626136460072117,minibatch_const,1.5,0,0.001,minibatch_const-sep1.5-s0-eta0.001
