regime,t,changing,keep,settle,t_auto,t_sklearn,n_iter
exact,1,0.19761,0.192581,0.192581,149,87,237
exact,2,0.087289,0.135213,0.135213,149,87,237
exact,3,0.040386,0.114074,0.120135,149,87,237
exact,4,0.026586,0.098967,0.107138,149,87,237
exact,5,0.025428,0.080544,0.096364,149,87,237
exact,6,0.017957,0.067083,0.084619,149,87,237
exact,7,0.009837,0.060259,0.075521,149,87,237
exact,8,0.005981,0.056377,0.069091,149,87,237
exact,9,0.004945,0.052998,0.064717,149,87,237
exact,10,0.00643,0.048032,0.058948,149,87,237
exact,11,0.010241,0.039334,0.048917,149,87,237
exact,12,0.009265,0.030973,0.040072,149,87,237
exact,13,0.004474,0.026861,0.033936,149,87,237
exact,14,0.001958,0.025099,0.029139,149,87,237
exact,15,0.001062,0.024255,0.02616,149,87,237
exact,16,0.000769,0.02368,0.024433,149,87,237
exact,17,0.000636,0.023221,0.023492,149,87,237
exact,18,0.000576,0.022803,0.022903,149,87,237
exact,19,0.000516,0.022409,0.022436,149,87,237
exact,20,0.000479,0.022056,0.022071,149,87,237
exact,21,0.000438,0.02173,0.021742,149,87,237
exact,22,0.000427,0.021405,0.021411,149,87,237
exact,23,0.000422,0.021082,0.021082,149,87,237
exact,24,0.000447,0.020759,0.020754,149,87,237
exact,25,0.000463,0.020416,0.020412,149,87,237
exact,26,0.000449,0.020109,0.020112,149,87,237
exact,27,0.000436,0.019817,0.019832,149,87,237
exact,28,0.000443,0.019509,0.019523,149,87,237
exact,29,0.000389,0.019234,0.019242,149,87,237
exact,30,0.000369,0.018957,0.01896,149,87,237
exact,31,0.000374,0.018681,0.018687,149,87,237
exact,32,0.00036,0.018409,0.018416,149,87,237
exact,33,0.000352,0.018177,0.01819,149,87,237
exact,34,0.00035,0.017927,0.017936,149,87,237
exact,35,0.000327,0.017706,0.017705,149,87,237
exact,36,0.000296,0.017506,0.017503,149,87,237
exact,37,0.000322,0.01733,0.017328,149,87,237
exact,38,0.00033,0.017118,0.017117,149,87,237
exact,39,0.000298,0.016948,0.016945,149,87,237
exact,40,0.000302,0.01673,0.016728,149,87,237
exact,41,0.000335,0.016501,0.016499,149,87,237
exact,42,0.00034,0.016273,0.016275,149,87,237
exact,43,0.000319,0.016038,0.016042,149,87,237
exact,44,0.000324,0.015803,0.015811,149,87,237
exact,45,0.000282,0.015601,0.015606,149,87,237
exact,46,0.000255,0.015418,0.015424,149,87,237
exact,47,0.00028,0.01522,0.015222,149,87,237
exact,48,0.000247,0.015035,0.015042,149,87,237
exact,49,0.000253,0.014858,0.014867,149,87,237
exact,50,0.000232,0.0147,0.014707,149,87,237
exact,51,0.00021,0.014534,0.014539,149,87,237
exact,52,0.000205,0.014369,0.014374,149,87,237
exact,53,0.000245,0.014186,0.014193,149,87,237
exact,54,0.000226,0.01404,0.014042,149,87,237
exact,55,0.000208,0.013904,0.013903,149,87,237
exact,56,0.000244,0.013756,0.013758,149,87,237
exact,57,0.00023,0.013598,0.0136,149,87,237
exact,58,0.000224,0.013458,0.013458,149,87,237
exact,59,0.000202,0.01334,0.013337,149,87,237
exact,60,0.000193,0.013239,0.01324,149,87,237
exact,61,0.000176,0.013125,0.013127,149,87,237
exact,62,0.000194,0.012991,0.012994,149,87,237
exact,63,0.000211,0.012854,0.012852,149,87,237
exact,64,0.000198,0.012732,0.012726,149,87,237
exact,65,0.000179,0.012611,0.01261,149,87,237
exact,66,0.000176,0.012472,0.012473,149,87,237
exact,67,0.000191,0.012333,0.012335,149,87,237
exact,68,0.000169,0.012202,0.012205,149,87,237
exact,69,0.000168,0.012096,0.012099,149,87,237
exact,70,0.000162,0.011994,0.011999,149,87,237
exact,71,0.00016,0.011886,0.011892,149,87,237
exact,72,0.000186,0.011746,0.011748,149,87,237
exact,73,0.00018,0.011614,0.011618,149,87,237
exact,74,0.000185,0.011473,0.011477,149,87,237
exact,75,0.000189,0.011338,0.011341,149,87,237
exact,76,0.000205,0.011193,0.011196,149,87,237
exact,77,0.000199,0.011062,0.011066,149,87,237
exact,78,0.00021,0.010922,0.010926,149,87,237
exact,79,0.000179,0.010815,0.010818,149,87,237
exact,80,0.000178,0.010707,0.010703,149,87,237
exact,81,0.000195,0.01057,0.010568,149,87,237
exact,82,0.000214,0.01043,0.01043,149,87,237
exact,83,0.000193,0.010285,0.010289,149,87,237
exact,84,0.000196,0.010137,0.010145,149,87,237
exact,85,0.000172,0.010005,0.010017,149,87,237
exact,86,0.000161,0.009888,0.009898,149,87,237
exact,87,0.000149,0.009777,0.009785,149,87,237
exact,88,0.000137,0.009682,0.009689,149,87,237
exact,89,0.000147,0.009567,0.009577,149,87,237
exact,90,0.000147,0.009454,0.009464,149,87,237
exact,91,0.000148,0.00935,0.009357,149,87,237
exact,92,0.000163,0.009229,0.009227,149,87,237
exact,93,0.00016,0.009123,0.009119,149,87,237
exact,94,0.000146,0.009029,0.009025,149,87,237
exact,95,0.000151,0.00892,0.008922,149,87,237
exact,96,0.000145,0.008817,0.008821,149,87,237
exact,97,0.00015,0.008715,0.00872,149,87,237
exact,98,0.000131,0.008634,0.008635,149,87,237
exact,99,0.000133,0.008559,0.008561,149,87,237
exact,100,0.000124,0.008485,0.008486,149,87,237
exact,101,0.000126,0.008387,0.008387,149,87,237
exact,102,0.000133,0.008274,0.008275,149,87,237
exact,103,0.000131,0.008161,0.008162,149,87,237
exact,104,0.000134,0.008045,0.008043,149,87,237
exact,105,0.000127,0.00795,0.00795,149,87,237
exact,106,0.000115,0.007845,0.007847,149,87,237
exact,107,0.000131,0.007726,0.007727,149,87,237
exact,108,0.000154,0.007616,0.007619,149,87,237
exact,109,0.000128,0.00752,0.007523,149,87,237
exact,110,0.000131,0.007419,0.007421,149,87,237
exact,111,0.000122,0.007327,0.007326,149,87,237
exact,112,0.000115,0.00725,0.007248,149,87,237
exact,113,0.000102,0.00717,0.007174,149,87,237
exact,114,9.7e-05,0.007102,0.007108,149,87,237
exact,115,0.000117,0.007027,0.007029,149,87,237
exact,116,9.7e-05,0.006944,0.006949,149,87,237
exact,117,0.000105,0.006865,0.006868,149,87,237
exact,118,9.7e-05,0.006792,0.006797,149,87,237
exact,119,0.000111,0.006713,0.006714,149,87,237
exact,120,0.000108,0.006637,0.006635,149,87,237
exact,121,0.000121,0.006534,0.006533,149,87,237
exact,122,0.000128,0.006428,0.006429,149,87,237
exact,123,0.000118,0.006334,0.006336,149,87,237
exact,124,0.00016,0.006204,0.006204,149,87,237
exact,125,0.000177,0.006059,0.006059,149,87,237
exact,126,0.000161,0.005934,0.005935,149,87,237
exact,127,0.000135,0.005857,0.005859,149,87,237
exact,128,0.000122,0.005763,0.005766,149,87,237
exact,129,0.000149,0.005628,0.005632,149,87,237
exact,130,0.000167,0.005497,0.005501,149,87,237
exact,131,0.000177,0.005364,0.005368,149,87,237
exact,132,0.000164,0.00522,0.005228,149,87,237
exact,133,0.000152,0.005112,0.005121,149,87,237
exact,134,0.000131,0.005013,0.005024,149,87,237
exact,135,0.000124,0.004917,0.004926,149,87,237
exact,136,0.000133,0.00482,0.004825,149,87,237
exact,137,0.000121,0.004731,0.00473,149,87,237
exact,138,0.000106,0.004663,0.004663,149,87,237
exact,139,0.000103,0.004602,0.004604,149,87,237
exact,140,0.000118,0.004534,0.004535,149,87,237
exact,141,0.00011,0.00447,0.004468,149,87,237
exact,142,0.000103,0.004409,0.004405,149,87,237
exact,143,0.000107,0.004348,0.004346,149,87,237
exact,144,9.7e-05,0.004295,0.004293,149,87,237
exact,145,0.000103,0.00423,0.00423,149,87,237
exact,146,9.5e-05,0.004157,0.004159,149,87,237
exact,147,8.4e-05,0.004087,0.00409,149,87,237
exact,148,0.000107,0.00402,0.004023,149,87,237
exact,149,9.5e-05,0.003943,0.003944,149,87,237
exact,150,9e-05,0.003895,0.003899,149,87,237
exact,151,0.000103,0.003804,0.003807,149,87,237
exact,152,0.000121,0.003719,0.003721,149,87,237
exact,153,0.000111,0.003624,0.003629,149,87,237
exact,154,0.000108,0.003528,0.00353,149,87,237
exact,155,0.000116,0.00344,0.003442,149,87,237
exact,156,0.000115,0.003339,0.003345,149,87,237
exact,157,9.9e-05,0.003254,0.003259,149,87,237
exact,158,9.6e-05,0.00317,0.003174,149,87,237
exact,159,0.000101,0.003085,0.003088,149,87,237
exact,160,0.000127,0.002994,0.002993,149,87,237
exact,161,0.000101,0.002909,0.00291,149,87,237
exact,162,9.6e-05,0.002837,0.002836,149,87,237
exact,163,9e-05,0.002771,0.002774,149,87,237
exact,164,8.4e-05,0.002709,0.002711,149,87,237
exact,165,8.8e-05,0.002633,0.002636,149,87,237
exact,166,9.4e-05,0.002559,0.002562,149,87,237
exact,167,8.9e-05,0.00249,0.002492,149,87,237
exact,168,7e-05,0.002434,0.002439,149,87,237
exact,169,7.8e-05,0.002378,0.002383,149,87,237
exact,170,7.9e-05,0.002329,0.002332,149,87,237
exact,171,7.4e-05,0.002263,0.002265,149,87,237
exact,172,8.7e-05,0.002188,0.002189,149,87,237
exact,173,9.4e-05,0.002108,0.002108,149,87,237
exact,174,8.5e-05,0.002037,0.002037,149,87,237
exact,175,7.4e-05,0.001979,0.001982,149,87,237
exact,176,7.5e-05,0.001906,0.00191,149,87,237
exact,177,5.9e-05,0.001853,0.001856,149,87,237
exact,178,5e-05,0.001809,0.001813,149,87,237
exact,179,6.6e-05,0.001755,0.001758,149,87,237
exact,180,6.8e-05,0.001699,0.001698,149,87,237
exact,181,6.9e-05,0.001632,0.001631,149,87,237
exact,182,8.6e-05,0.001564,0.001565,149,87,237
exact,183,6.2e-05,0.00151,0.001512,149,87,237
exact,184,5.3e-05,0.001463,0.001465,149,87,237
exact,185,4.5e-05,0.001426,0.001427,149,87,237
exact,186,4e-05,0.001388,0.001387,149,87,237
exact,187,4.3e-05,0.001353,0.001352,149,87,237
exact,188,3.9e-05,0.001324,0.001324,149,87,237
exact,189,4.2e-05,0.001286,0.001288,149,87,237
exact,190,4.1e-05,0.001253,0.001254,149,87,237
exact,191,3.4e-05,0.001227,0.001228,149,87,237
exact,192,3.5e-05,0.001194,0.001194,149,87,237
exact,193,3.4e-05,0.001162,0.001163,149,87,237
exact,194,4.5e-05,0.001119,0.001121,149,87,237
exact,195,4e-05,0.001085,0.001087,149,87,237
exact,196,3.5e-05,0.001054,0.001056,149,87,237
exact,197,4e-05,0.00102,0.001022,149,87,237
exact,198,3.8e-05,0.00099,0.000991,149,87,237
exact,199,4.8e-05,0.000948,0.00095,149,87,237
exact,200,5e-05,0.000904,0.000906,149,87,237
exact,201,5.2e-05,0.000858,0.00086,149,87,237
exact,202,5.5e-05,0.000817,0.000819,149,87,237
exact,203,4.9e-05,0.00078,0.00078,149,87,237
exact,204,6e-05,0.000726,0.000727,149,87,237
exact,205,5.1e-05,0.000681,0.000684,149,87,237
exact,206,5.5e-05,0.000634,0.000636,149,87,237
exact,207,5e-05,0.000588,0.000589,149,87,237
exact,208,5.5e-05,0.000537,0.00054,149,87,237
exact,209,5.4e-05,0.000489,0.00049,149,87,237
exact,210,3.9e-05,0.000462,0.000464,149,87,237
exact,211,3.6e-05,0.00043,0.000432,149,87,237
exact,212,3.1e-05,0.000409,0.000408,149,87,237
exact,213,2.6e-05,0.000387,0.000386,149,87,237
exact,214,2.1e-05,0.000368,0.000367,149,87,237
exact,215,1.5e-05,0.000355,0.000354,149,87,237
exact,216,9e-06,0.000346,0.000346,149,87,237
exact,217,7e-06,0.000339,0.000339,149,87,237
exact,218,7e-06,0.000334,0.000333,149,87,237
exact,219,1.2e-05,0.000322,0.000324,149,87,237
exact,220,1.6e-05,0.000306,0.000307,149,87,237
exact,221,1.7e-05,0.000289,0.00029,149,87,237
exact,222,2.7e-05,0.000264,0.000265,149,87,237
exact,223,3.4e-05,0.000232,0.000232,149,87,237
exact,224,3.6e-05,0.000202,0.000202,149,87,237
exact,225,3.3e-05,0.000173,0.000173,149,87,237
exact,226,3.2e-05,0.000143,0.000143,149,87,237
exact,227,3e-05,0.000115,0.000115,149,87,237
exact,228,2.7e-05,9e-05,9e-05,149,87,237
exact,229,2.3e-05,6.9e-05,6.9e-05,149,87,237
exact,230,1.8e-05,5.1e-05,5.2e-05,149,87,237
exact,231,1.4e-05,3.7e-05,3.8e-05,149,87,237
exact,232,1.3e-05,2.4e-05,2.5e-05,149,87,237
exact,233,1e-05,1.4e-05,1.5e-05,149,87,237
exact,234,9e-06,5e-06,5e-06,149,87,237
exact,235,5e-06,0.0,0.0,149,87,237
exact,236,0.0,0.0,0.0,149,87,237
minibatch_const,1,0.211177,0.050012,0.050012,20,200,201
minibatch_const,2,0.024878,0.039058,0.039058,20,200,201
minibatch_const,3,0.02092,0.029779,0.035047,20,200,201
minibatch_const,4,0.021695,0.011076,0.023149,20,200,201
minibatch_const,5,0.004163,0.010262,0.018478,20,200,201
minibatch_const,6,0.004141,0.008783,0.009089,20,200,201
minibatch_const,7,0.003818,0.007587,0.007987,20,200,201
minibatch_const,8,0.003887,0.006559,0.007397,20,200,201
minibatch_const,9,0.00381,0.005838,0.006571,20,200,201
minibatch_const,10,0.003561,0.005056,0.006172,20,200,201
minibatch_const,11,0.003489,0.005033,0.007273,20,200,201
minibatch_const,12,0.003391,0.004397,0.004889,20,200,201
minibatch_const,13,0.003511,0.004006,0.004329,20,200,201
minibatch_const,14,0.003218,0.004376,0.005031,20,200,201
minibatch_const,15,0.003628,0.00404,0.004436,20,200,201
minibatch_const,16,0.003539,0.004055,0.003928,20,200,201
minibatch_const,17,0.003514,0.003965,0.003625,20,200,201
minibatch_const,18,0.003393,0.004343,0.003404,20,200,201
minibatch_const,19,0.003643,0.00411,0.00329,20,200,201
minibatch_const,20,0.003494,0.004223,0.003203,20,200,201
minibatch_const,21,0.003419,0.004332,0.003176,20,200,201
minibatch_const,22,0.003359,0.003909,0.003122,20,200,201
minibatch_const,23,0.003641,0.004114,0.003097,20,200,201
minibatch_const,24,0.003533,0.004512,0.003094,20,200,201
minibatch_const,25,0.003489,0.004319,0.003123,20,200,201
minibatch_const,26,0.003544,0.004232,0.003174,20,200,201
minibatch_const,27,0.003163,0.004046,0.003162,20,200,201
minibatch_const,28,0.003206,0.004153,0.003192,20,200,201
minibatch_const,29,0.003795,0.004055,0.003178,20,200,201
minibatch_const,30,0.003483,0.003837,0.003174,20,200,201
minibatch_const,31,0.00339,0.003899,0.003152,20,200,201
minibatch_const,32,0.003342,0.004022,0.00313,20,200,201
minibatch_const,33,0.003314,0.003913,0.003154,20,200,201
minibatch_const,34,0.003476,0.004062,0.00318,20,200,201
minibatch_const,35,0.003176,0.004058,0.003123,20,200,201
minibatch_const,36,0.003338,0.004179,0.003084,20,200,201
minibatch_const,37,0.003519,0.004416,0.003095,20,200,201
minibatch_const,38,0.003477,0.004039,0.003046,20,200,201
minibatch_const,39,0.003117,0.004248,0.003046,20,200,201
minibatch_const,40,0.003785,0.004302,0.003072,20,200,201
minibatch_const,41,0.003932,0.003975,0.003057,20,200,201
minibatch_const,42,0.003304,0.004077,0.003088,20,200,201
minibatch_const,43,0.003611,0.00397,0.003062,20,200,201
minibatch_const,44,0.003603,0.003814,0.003076,20,200,201
minibatch_const,45,0.003578,0.003967,0.003048,20,200,201
minibatch_const,46,0.003581,0.003658,0.002948,20,200,201
minibatch_const,47,0.003517,0.003418,0.002863,20,200,201
minibatch_const,48,0.003541,0.003837,0.002797,20,200,201
minibatch_const,49,0.003779,0.004333,0.002766,20,200,201
minibatch_const,50,0.00381,0.004562,0.002793,20,200,201
minibatch_const,51,0.00372,0.004188,0.00285,20,200,201
minibatch_const,52,0.003688,0.004001,0.002844,20,200,201
minibatch_const,53,0.003642,0.004121,0.002858,20,200,201
minibatch_const,54,0.003414,0.003991,0.002891,20,200,201
minibatch_const,55,0.003506,0.003517,0.002911,20,200,201
minibatch_const,56,0.003397,0.003831,0.002869,20,200,201
minibatch_const,57,0.00334,0.003551,0.002902,20,200,201
minibatch_const,58,0.003278,0.003373,0.002928,20,200,201
minibatch_const,59,0.00348,0.003537,0.002909,20,200,201
minibatch_const,60,0.003288,0.003666,0.002841,20,200,201
minibatch_const,61,0.003575,0.003364,0.002733,20,200,201
minibatch_const,62,0.003536,0.003693,0.002679,20,200,201
minibatch_const,63,0.003438,0.003073,0.002609,20,200,201
minibatch_const,64,0.003483,0.003154,0.002488,20,200,201
minibatch_const,65,0.003321,0.003366,0.002431,20,200,201
minibatch_const,66,0.003511,0.00324,0.002426,20,200,201
minibatch_const,67,0.00347,0.002986,0.002292,20,200,201
minibatch_const,68,0.003545,0.003238,0.002275,20,200,201
minibatch_const,69,0.00328,0.003164,0.002265,20,200,201
minibatch_const,70,0.003431,0.003034,0.002213,20,200,201
minibatch_const,71,0.003585,0.003461,0.002166,20,200,201
minibatch_const,72,0.003578,0.003035,0.002094,20,200,201
minibatch_const,73,0.003333,0.002894,0.001996,20,200,201
minibatch_const,74,0.003454,0.00331,0.002028,20,200,201
minibatch_const,75,0.003733,0.003173,0.002011,20,200,201
minibatch_const,76,0.003569,0.002725,0.001954,20,200,201
minibatch_const,77,0.003206,0.003022,0.001937,20,200,201
minibatch_const,78,0.003082,0.002812,0.001919,20,200,201
minibatch_const,79,0.003506,0.003032,0.001894,20,200,201
minibatch_const,80,0.003513,0.002831,0.001853,20,200,201
minibatch_const,81,0.003399,0.003042,0.001869,20,200,201
minibatch_const,82,0.003708,0.003138,0.001839,20,200,201
minibatch_const,83,0.003645,0.002847,0.001822,20,200,201
minibatch_const,84,0.003126,0.002836,0.00184,20,200,201
minibatch_const,85,0.003308,0.002939,0.001802,20,200,201
minibatch_const,86,0.003449,0.002489,0.001707,20,200,201
minibatch_const,87,0.003301,0.002758,0.00168,20,200,201
minibatch_const,88,0.003256,0.002611,0.001658,20,200,201
minibatch_const,89,0.003262,0.002866,0.001631,20,200,201
minibatch_const,90,0.003661,0.00289,0.001633,20,200,201
minibatch_const,91,0.003771,0.002911,0.001611,20,200,201
minibatch_const,92,0.003418,0.002734,0.001565,20,200,201
minibatch_const,93,0.00356,0.00313,0.001555,20,200,201
minibatch_const,94,0.003474,0.002835,0.001533,20,200,201
minibatch_const,95,0.003184,0.002878,0.001531,20,200,201
minibatch_const,96,0.003124,0.002614,0.001506,20,200,201
minibatch_const,97,0.003651,0.002853,0.001556,20,200,201
minibatch_const,98,0.003598,0.002512,0.00155,20,200,201
minibatch_const,99,0.003096,0.002494,0.001499,20,200,201
minibatch_const,100,0.00351,0.002734,0.001467,20,200,201
minibatch_const,101,0.003525,0.002876,0.001466,20,200,201
minibatch_const,102,0.003415,0.00269,0.001444,20,200,201
minibatch_const,103,0.003323,0.002777,0.001424,20,200,201
minibatch_const,104,0.003628,0.002489,0.00131,20,200,201
minibatch_const,105,0.003332,0.002641,0.001256,20,200,201
minibatch_const,106,0.003548,0.002738,0.001205,20,200,201
minibatch_const,107,0.003433,0.002976,0.001203,20,200,201
minibatch_const,108,0.003708,0.002917,0.001176,20,200,201
minibatch_const,109,0.003457,0.002857,0.001188,20,200,201
minibatch_const,110,0.003482,0.002623,0.001229,20,200,201
minibatch_const,111,0.003386,0.002766,0.001213,20,200,201
minibatch_const,112,0.00341,0.002924,0.001233,20,200,201
minibatch_const,113,0.003542,0.002993,0.001316,20,200,201
minibatch_const,114,0.003574,0.003143,0.001381,20,200,201
minibatch_const,115,0.003383,0.002981,0.001471,20,200,201
minibatch_const,116,0.003183,0.002843,0.001539,20,200,201
minibatch_const,117,0.003106,0.003161,0.001617,20,200,201
minibatch_const,118,0.003322,0.00316,0.001661,20,200,201
minibatch_const,119,0.003306,0.002983,0.001686,20,200,201
minibatch_const,120,0.003286,0.003115,0.001773,20,200,201
minibatch_const,121,0.003532,0.002876,0.001817,20,200,201
minibatch_const,122,0.003324,0.003123,0.001882,20,200,201
minibatch_const,123,0.003394,0.002945,0.001898,20,200,201
minibatch_const,124,0.003344,0.002916,0.001892,20,200,201
minibatch_const,125,0.003456,0.002732,0.001877,20,200,201
minibatch_const,126,0.003215,0.002656,0.001822,20,200,201
minibatch_const,127,0.003289,0.00294,0.00174,20,200,201
minibatch_const,128,0.003409,0.00275,0.001671,20,200,201
minibatch_const,129,0.003183,0.002715,0.001652,20,200,201
minibatch_const,130,0.003297,0.002731,0.001649,20,200,201
minibatch_const,131,0.003545,0.002883,0.001642,20,200,201
minibatch_const,132,0.003311,0.00265,0.001653,20,200,201
minibatch_const,133,0.003542,0.00315,0.001624,20,200,201
minibatch_const,134,0.003527,0.003149,0.001588,20,200,201
minibatch_const,135,0.003492,0.003117,0.001577,20,200,201
minibatch_const,136,0.003673,0.003409,0.001631,20,200,201
minibatch_const,137,0.003755,0.002771,0.00163,20,200,201
minibatch_const,138,0.003297,0.002762,0.00163,20,200,201
minibatch_const,139,0.003501,0.002759,0.001629,20,200,201
minibatch_const,140,0.003325,0.002648,0.001604,20,200,201
minibatch_const,141,0.003353,0.002815,0.001598,20,200,201
minibatch_const,142,0.003484,0.002617,0.001594,20,200,201
minibatch_const,143,0.003381,0.002549,0.001592,20,200,201
minibatch_const,144,0.003478,0.002663,0.001538,20,200,201
minibatch_const,145,0.003437,0.00264,0.00145,20,200,201
minibatch_const,146,0.003609,0.002613,0.001381,20,200,201
minibatch_const,147,0.003657,0.002701,0.001336,20,200,201
minibatch_const,148,0.003447,0.002382,0.001302,20,200,201
minibatch_const,149,0.003294,0.002496,0.001284,20,200,201
minibatch_const,150,0.003191,0.002282,0.001246,20,200,201
minibatch_const,151,0.003413,0.002549,0.001183,20,200,201
minibatch_const,152,0.003275,0.002376,0.001154,20,200,201
minibatch_const,153,0.003356,0.002366,0.001107,20,200,201
minibatch_const,154,0.003258,0.002437,0.001083,20,200,201
minibatch_const,155,0.003508,0.002808,0.001029,20,200,201
minibatch_const,156,0.003481,0.002345,0.001008,20,200,201
minibatch_const,157,0.003365,0.002604,0.001029,20,200,201
minibatch_const,158,0.00331,0.002721,0.001042,20,200,201
minibatch_const,159,0.003472,0.002485,0.001105,20,200,201
minibatch_const,160,0.003453,0.00249,0.001047,20,200,201
minibatch_const,161,0.003267,0.00278,0.00108,20,200,201
minibatch_const,162,0.003112,0.002542,0.001066,20,200,201
minibatch_const,163,0.002995,0.00224,0.001103,20,200,201
minibatch_const,164,0.002987,0.002206,0.001071,20,200,201
minibatch_const,165,0.003225,0.002452,0.00109,20,200,201
minibatch_const,166,0.003234,0.002498,0.001099,20,200,201
minibatch_const,167,0.003278,0.002674,0.001154,20,200,201
minibatch_const,168,0.003557,0.002783,0.001151,20,200,201
minibatch_const,169,0.003332,0.002715,0.001167,20,200,201
minibatch_const,170,0.003542,0.002576,0.001164,20,200,201
minibatch_const,171,0.003116,0.002495,0.001146,20,200,201
minibatch_const,172,0.003173,0.00266,0.001127,20,200,201
minibatch_const,173,0.003448,0.002639,0.001097,20,200,201
minibatch_const,174,0.003304,0.00245,0.001098,20,200,201
minibatch_const,175,0.00318,0.002682,0.001114,20,200,201
minibatch_const,176,0.003659,0.0027,0.001125,20,200,201
minibatch_const,177,0.003298,0.002752,0.001185,20,200,201
minibatch_const,178,0.003985,0.002851,0.001198,20,200,201
minibatch_const,179,0.003484,0.002774,0.001191,20,200,201
minibatch_const,180,0.003401,0.003111,0.001213,20,200,201
minibatch_const,181,0.003548,0.00288,0.00122,20,200,201
minibatch_const,182,0.00342,0.002576,0.001176,20,200,201
minibatch_const,183,0.00321,0.002629,0.001179,20,200,201
minibatch_const,184,0.003442,0.002547,0.001166,20,200,201
minibatch_const,185,0.003482,0.00244,0.001178,20,200,201
minibatch_const,186,0.003343,0.002462,0.001178,20,200,201
minibatch_const,187,0.003613,0.002924,0.001172,20,200,201
minibatch_const,188,0.003356,0.002805,0.001234,20,200,201
minibatch_const,189,0.003128,0.002576,0.001238,20,200,201
minibatch_const,190,0.002989,0.002547,0.001287,20,200,201
minibatch_const,191,0.003305,0.002683,0.001266,20,200,201
minibatch_const,192,0.00332,0.002755,0.001263,20,200,201
minibatch_const,193,0.003448,0.002678,0.00127,20,200,201
minibatch_const,194,0.003579,0.002561,0.001278,20,200,201
minibatch_const,195,0.003448,0.002466,0.00129,20,200,201
minibatch_const,196,0.003574,0.002685,0.001307,20,200,201
minibatch_const,197,0.003712,0.002912,0.001323,20,200,201
minibatch_const,198,0.003584,0.002808,0.001312,20,200,201
minibatch_const,199,0.003424,0.002621,0.001252,20,200,201
minibatch_const,200,0.003384,0.002792,0.001261,20,200,201
