setting,policy,T,stop_reason,n,K,d,n_U,frac_U,time_frac,mse_all_hard,mse_all_pi,psnr_all_hard,psnr_all_pi,token_disagree_current,token_disagree_nearest,U_err_current,U_err_nearest,U_err_markov,U_err_frequency,U_err_auto,mse_U_hard,mse_U_pi,mse_U_occupancy,mse_U_hard_heldout,mse_U_pi_heldout,mse_U_distsoft,distsoft_tau_rel,mse_U_top2_oracle,frac_fractional_pi,frac_fractional_occupancy,auroc_pi,auroc_occupancy,auroc_distsoft,auroc_margin,tv_pi,tv_occupancy,state_unstable_frac,state_center_travel,state_oscillating_share
latent,T0=10,10,,1116928,1024,96,891843,0.7984785053289021,0.05495041295645659,4.010609052885477,3.9726976484294863,,,0.36997013236305293,0.3617090806211323,0.4045039317458342,0.3957333297452579,0.4150169929012169,0.49448725840758967,0.49448725840758967,4.364427218004325,4.316947662571113,4.154940782151247,4.362702236106804,4.315488795081661,3.927439650720678,3.0,4.015207364990107,0.15201330278984082,1.0,0.5294004302881988,0.5741635308754035,0.5784207330124161,0.6309310453295989,0.42171251438005025,0.5753591709425415,,,
latent,T0=20,20,,1116928,1024,96,287609,0.25750003581251435,0.10518286213242373,4.003948631505499,3.960264377778417,,,0.27386993611047444,0.26976850790740314,0.4358104231786905,0.426836434186691,0.45136626461619767,0.5631152015409809,0.5631152015409809,5.058737510443749,4.889089946748306,4.709109577123701,5.054409535017,4.8845968238342525,4.421631868497944,10.0,4.566330484789614,0.3962984468497161,1.0,0.5809056277333123,0.5112500597658707,0.5457036012860742,0.5862466475692768,0.45115378113265436,0.5700452287022248,,,
latent,T0=30,30,,1116928,1024,96,210602,0.1885546785468714,0.13486409204021355,4.001385795595451,3.9556258467468544,,,0.21587783635113453,0.21110760944304377,0.4285191973485532,0.41223255239741313,0.4455370794199485,0.5707495655311915,0.5707495655311915,5.217726779138109,4.975038826756055,4.84761322584886,5.2150283418415215,4.97232303555509,4.51247117146225,10.0,4.6865657138574806,0.5619984615530716,1.0,0.5950625130799028,0.5060396857099336,0.4970054447900882,0.5487887679848787,0.4403390106424526,0.5502911221597654,,,
latent,T0=40,40,,1116928,1024,96,178617,0.1599180967797387,0.16321651893238173,3.9999971821904468,3.9529344021657207,,,0.17681533635113453,0.173334359958744,0.4335701528969807,0.41564912634295725,0.44767295386217437,0.5106120917941741,0.5106120917941741,5.583493459220052,5.289200436901591,5.175469019543474,5.591774460939506,5.296330974200593,4.818752684557726,10.0,5.002117320243085,0.6787091934138408,1.0,0.5795118336822319,0.5209692495193524,0.5395978558290243,0.5646061011579129,0.4374936605235456,0.4956236884710658,,,
latent,T0=50,50,,1116928,1024,96,155739,0.13943512921155168,0.19514736000918823,3.9994385120454563,3.951668117375685,,,0.15655172043318819,0.153102079990832,0.45695041062290115,0.43415586333545225,0.4601673312400876,0.48937003576496574,0.48937003576496574,5.7877965043513235,5.445197082384326,5.356833794563428,5.783104970908958,5.4402058421818245,4.9654930860088715,10.0,5.173995288291953,0.7831050668104971,1.0,0.5565190277334422,0.541035527868236,0.5477340123675798,0.5576100348441684,0.44377020981502713,0.46602302570326,,,
latent,T0=60,60,,1116928,1024,96,151221,0.1353901057185423,0.2361699569452093,3.998908763283769,3.9511857970648925,,,0.13835448659179464,0.1347034007563603,0.4406134068680937,0.41574913537141006,0.4448654618075532,0.46973634614240084,0.46973634614240084,5.798649990120559,5.446165102354193,5.36794817842406,5.804200443705897,5.450529987062975,4.981429829513927,10.0,5.181041592891156,0.8039954768186958,1.0,0.553539596173221,0.5451138203857282,0.5455064098780591,0.5552708956766665,0.424860225181062,0.4428140632223399,,,
latent,T0=70,70,,1116928,1024,96,146216,0.13090906486362594,0.2768069039251045,3.998497265089718,3.950801384493952,,,0.1242739012720605,0.12043390442356176,0.4341180171800624,0.40545494337145044,0.42921431307107294,0.440170706352246,0.440170706352246,5.811794605579462,5.447451000761465,5.377766012045218,5.803834518974138,5.439646197105854,4.976659364647165,10.0,5.189121673942133,0.8292594517699842,1.0,0.5565777805752387,0.5611995892086497,0.5380808356177752,0.5475156663981127,0.40646002027522876,0.41251819226350056,,,
latent,T0=80,80,,1116928,1024,96,141804,0.1269589445335778,0.33735425146803666,3.9982428743601965,3.950680572372005,,,0.1138014267705707,0.11002499713499886,0.42826718569292826,0.3978237567346478,0.42098248286367096,0.4242969168711743,0.4242969168711743,5.820223837430416,5.445596416235903,5.386082165204528,5.835093836239237,5.460504595540471,5.001267832465858,10.0,5.192924023210639,0.8546444388028547,1.0,0.5553812555329926,0.5684030828982755,0.5444942853292848,0.5511914376435266,0.39588685313621186,0.393988129582189,,,
latent,T0=90,90,,1116928,1024,96,141653,0.1268237522920009,0.3983201048979734,3.9979783869536667,3.950018082570278,,,0.10228591278936512,0.09806809391473757,0.40844881506215897,0.3746126096870522,0.3976477730792853,0.4013893104981892,0.4013893104981892,5.845140323367957,5.466975322596144,5.407269670643029,5.854847690744423,5.476657367335632,5.018506943920412,10.0,5.215824658063206,0.8585487070517391,1.0,0.5684382607258206,0.5789758350683702,0.5459355046525604,0.5608489031947291,0.37193414220457405,0.3711994290786127,,,
latent,auto,200,max_iter,1116928,1024,96,,,1.0,,,,,,,,,,,,,,,,,,,,,,,,,,,,0.12004265270456108,1.024694443229546,0.910560192125538
patch,T0=10,10,,1000000,1024,48,450222,0.450222,0.06854229766280202,118.05856745191319,115.32963299117986,27.409828517735505,27.511394508753654,0.23898,0.233689,0.2937728498385241,0.2873671211091417,0.30845449578208084,0.42547010141663444,0.42547010141663444,164.39968260712902,158.33837405105373,138.53257685087374,164.57209062519127,158.50493129226336,123.66882360052324,10.0,127.0426672846773,0.14678536366503636,1.0,0.5332232300896231,0.5358234539753061,0.5353425837743254,0.6054723191599649,0.31625951766271665,0.48815513235692615,,,
patch,T0=20,20,,1000000,1024,48,137761,0.137761,0.13621223081285963,117.598296565643,114.89101101587109,27.426793299228546,27.527943097159078,0.171643,0.168233,0.30858515835396083,0.30044787712052035,0.32373458380818954,0.5135052736260626,0.5135052736260626,220.63962650307613,200.98758020715846,179.30653691093386,220.93788898550076,201.187746544233,152.9287632680984,10.0,162.75920004999418,0.3168821364537133,1.0,0.6019257766910537,0.4989361738147625,0.519864275239924,0.5830734064136928,0.32676870321131474,0.51369111590495,,,
patch,T0=30,30,,1000000,1024,48,98352,0.098352,0.18507892682309707,117.44875129352697,114.60087897465083,27.432319571166836,27.538924122384884,0.127903,0.126021,0.30733487880266797,0.2983467545143973,0.327120953310558,0.47425573450463643,0.47425573450463643,229.77615695219225,200.82024025628232,186.00128267978474,230.00876195564996,201.0313672702633,159.37657002383673,10.0,167.30124181659272,0.46902960793883197,1.0,0.6478997098104465,0.4706614574793846,0.465678248288258,0.5201438801144733,0.3230361441074012,0.4796695912270582,,,
patch,T0=40,40,,1000000,1024,48,67915,0.067915,0.23009066638648928,117.39393491821225,114.51950954334485,27.434347009204913,27.542008814823298,0.110537,0.108629,0.38823529411764707,0.3698299344769197,0.4063167194286976,0.48320694986380036,0.48320694986380036,288.804012431554,246.48014620366033,232.9922151580604,287.81707113602243,245.60949419993332,200.98827019466688,10.0,209.13664644485817,0.696458808805124,1.0,0.5811351479953581,0.5170451526274512,0.5232239020553497,0.5278648432013245,0.39501567660204556,0.46381918574688946,,,
patch,T0=50,50,,1000000,1024,48,67745,0.067745,0.2787845193117067,117.33821179262576,114.38979794111388,27.43640895485235,27.54693068014509,0.093129,0.091233,0.36492730090781605,0.3466971732231161,0.3808989593327921,0.4636799763820208,0.4636799763820208,284.87190300181305,241.34966739015408,229.8806999740245,286.24870402895874,242.18482833581967,199.1568523558498,10.0,205.84060317659745,0.7038600634733191,1.0,0.5934095554344052,0.5174099837436794,0.5210903981324227,0.5292835956034248,0.3691957217775571,0.44458870496984015,,,
patch,T0=60,60,,1000000,1024,48,67494,0.067494,0.32816159670985035,117.28525806685606,114.41688323684913,27.438369330879713,27.545902476381727,0.07621,0.074417,0.35612054404835985,0.33672622751652,0.36532136189883546,0.44104661155065633,0.44104661155065633,282.99629626989685,240.49807672435284,229.27445287224822,284.54964427276485,241.4666530264716,199.1418270393236,10.0,204.9604578154252,0.6945061783269624,1.0,0.5974385293368644,0.5154046723991054,0.5221569175682531,0.5497325080996481,0.3491111197881698,0.42020149939253865,,,
patch,T0=70,70,,1000000,1024,48,60997,0.060997,0.3758323231798622,117.26415378952534,114.31248870971488,27.439150869502342,27.549866809413167,0.065149,0.063262,0.36726396380149845,0.3404429726052101,0.37421512533403284,0.4131350722166664,0.4131350722166664,297.85663968480384,249.46630770437113,239.9709415730777,297.6125683967277,249.31645148858163,210.56884573476626,10.0,214.6555649004585,0.7812023542141416,1.0,0.57860038753642,0.5460729087226506,0.5132049698892046,0.5303355049256644,0.3536348623338702,0.38747062076078254,,,
patch,T0=80,80,,1000000,1024,48,58017,0.058017,0.42416248341515805,117.24602677761585,114.33944981121532,27.43982226562189,27.548842627616356,0.056889,0.05493,0.36949514797386973,0.3374872882086285,0.36223865418756573,0.39062688522329664,0.39062688522329664,300.4004114224982,250.3016995552775,242.1882052292464,300.40372518205436,250.1242590086827,213.65076442290456,10.0,215.94589158019227,0.810762362755744,1.0,0.5857576913678396,0.5613224828851809,0.5063410750073077,0.5297374568117295,0.3407508415909206,0.36480251086280346,,,
patch,T0=90,90,,1000000,1024,48,55394,0.055394,0.47055416298565717,117.23283009626483,114.32535792201155,27.44031111531799,27.549377911536013,0.050152,0.048192,0.3532151496551973,0.3202693432501715,0.3529624147019533,0.36577968733075783,0.36577968733075783,313.5737948936618,261.08666317807376,252.94413839735714,314.4788126654647,261.8504514149761,223.81023899886802,10.0,225.70297358924938,0.8488644979600679,1.0,0.5655727429121733,0.5628270777707217,0.5145729155885803,0.5258562021157773,0.3321490019466024,0.3383118946259358,,,
patch,auto,200,max_iter,1000000,1024,48,,,1.0,,,,,,,,,,,,,,,,,,,,,,,,,,,,0.054058,1.2595398959092368,0.8596137481963817
